age,income,employment_years,debt_to_income_ratio,credit_history_length,num_credit_accounts,num_late_payments,has_mortgage,has_auto_loan,has_credit_card,credit_approved
56,17871.07359484855,28.04373115354528,0.510147513761232,0,4,1,1,0,1,0
69,54069.27271734446,2.2967788413439005,0.07813612720764998,1,0,2,0,1,0,1
46,34872.98509431393,2.9765703025518473,0.16528488961390103,0,5,1,1,0,1,0
32,21554.925808046515,6.401946856224549,0.10644565658180155,4,5,2,1,1,1,0
60,37068.54231514947,10.86637839731507,0.3624787352875862,2,2,0,0,1,1,1
25,28369.0399277121,4.495255143393083,0.21261433370151628,6,2,0,1,0,0,1
38,83742.83270145129,2.4840029972796573,0.556691105922177,12,2,1,0,1,1,1
56,67632.79513898901,2.6604322157516864,0.1890064059187979,17,2,1,0,0,1,1
36,49840.547173667655,5.947361343779222,0.3758977743398275,6,6,2,0,0,1,0
40,79598.88277780052,0.016117266761173126,0.11686557619399025,0,9,2,1,0,1,1
28,51547.36615295237,4.8325195944629264,0.3224124525821897,4,1,0,0,0,0,1
28,32774.31597343473,2.1963480586487476,0.2812038967746844,16,9,1,0,0,1,1
41,80462.48154539315,7.904187440553979,0.2596758959402854,7,9,0,1,0,1,1
53,60778.200873693175,0.48801254494928015,0.2093955636532482,14,1,0,0,0,1,1
57,29255.07691347087,4.436114946889184,0.28833508643334566,19,2,1,0,1,1,1
41,46193.22643832784,3.278995809468057,0.08691220270426116,3,9,1,1,1,1,1
20,32487.634932304856,5.140659982373224,0.33451054977893324,1,6,0,1,0,1,0
39,22344.00538071328,0.3352608925534093,0.3272232759610889,4,2,1,1,0,0,0
19,68523.55095063282,4.337309835440721,0.0191794450268533,0,6,1,1,1,0,1
41,88188.33280940261,4.1218016030144025,0.26954302614064396,4,8,0,0,1,1,1
61,22028.648523617176,4.11240946550342,0.35968554650001294,5,9,0,0,0,1,1
47,61259.384733811414,4.625240663537059,0.41789660933563044,1,3,1,0,0,1,1
55,36987.14861756346,5.64228528911877,0.19847021928121775,0,6,2,0,1,1,0
19,40257.49232470608,8.173496550579964,0.22198196096718098,3,8,1,0,1,0,0
38,38152.121515222614,1.5723259306312465,0.09986070531748928,6,7,1,1,0,1,1
50,32720.18460640368,8.716258444056155,0.363784460856066,0,7,0,0,0,1,1
29,50970.43255889654,3.4483230812980477,0.29158790825295994,0,8,0,0,0,1,1
39,33380.997671779245,0.40094593731684564,0.2943552891013522,7,4,0,0,1,1,1
61,55409.13651559678,0.30167513037528804,0.18445717759507024,19,4,0,0,0,1,1
42,48995.23781101726,2.0341175418012742,0.3204120307242524,15,2,1,0,0,1,1
66,45221.03906267181,7.683190946985041,0.3203811429734296,12,4,1,0,0,1,1
44,31848.726759168043,6.149546920103921,0.0753075445181805,17,7,0,0,1,0,1
59,38464.57338863335,7.770369982367988,0.4169357229266689,19,4,3,0,1,1,1
45,65107.82451651512,3.6414791660759405,0.28799350459363326,9,3,2,1,1,1,1
33,60018.34375248761,2.900869559489516,0.20462306830256835,11,7,2,1,1,1,1
32,30448.89510402898,0.7976319211344142,0.06802517992808706,0,6,1,0,0,1,0
64,51986.646108584515,1.9889190766618263,0.5314739668868939,9,5,1,1,1,1,1
68,65027.74246743578,2.8459770860961657,0.16819835188896945,8,4,2,0,0,1,1
61,16611.894377572564,0.46386935801280865,0.31347797575552105,2,4,0,0,1,0,1
69,60867.2038475987,1.246231109903065,0.3080337644412122,18,9,2,0,0,0,1
20,36747.52482108307,4.559318902293804,0.05908262657987156,8,1,0,0,0,1,1
54,61411.97337186319,6.652654534548504,0.47347413189411136,9,3,2,1,0,1,1
68,34734.81686914966,32.027364403170715,0.2756580127812975,18,7,2,0,1,0,1
24,13902.35798670962,13.523778022021578,0.18345192383592762,15,7,1,1,1,1,1
38,17449.151242336746,5.144011549014362,0.3796526993510353,17,0,2,0,0,1,1
26,50961.69893322764,2.734406549742989,0.1727151354330419,13,1,1,0,0,0,1
56,55194.45003442964,5.055443978899272,0.20263003091258322,2,4,2,1,1,1,1
35,31913.66749791183,7.700763173715464,0.32497245517593976,1,8,1,0,0,0,0
21,62771.84917554748,0.6297223224301701,0.16449086539966867,0,9,0,0,1,1,0
42,16769.598754620805,2.6373577558486443,0.2939080116044678,17,6,0,0,1,1,1
31,48678.40402705367,9.156732559190154,0.48955582143321713,8,9,0,0,0,1,1
67,25779.676004750865,2.421185851424566,0.15373148760607003,12,4,1,0,0,1,1
26,36963.27784395682,4.241668481050225,0.22637366171700202,1,0,0,0,0,0,0
43,50947.97342632828,4.430861412658695,0.24605667940141135,6,5,1,0,0,1,1
19,32791.73269432095,1.0196236897517545,0.06871526011168509,15,7,1,0,0,1,1
37,42308.88911540349,2.248930472744652,0.6441151204005371,18,6,0,0,0,1,1
45,70125.85618428882,2.0361680204431747,0.13442909729669036,14,1,1,0,0,1,1
64,38462.16260953702,0.13272977607334807,0.5109523729240107,10,4,2,0,1,1,1
24,66713.84224130283,0.12244595635265158,0.11491240777073732,0,3,0,0,1,1,1
61,27405.862906847637,8.909948060695697,0.24573349353645885,6,8,1,0,0,0,1
25,60596.083558305654,1.5946310321501753,0.3484381751736213,19,9,0,0,0,1,1
64,78831.37241315801,3.649872968592603,0.26890402633810456,7,0,2,0,0,1,1
52,567.1099974542158,1.7742799503994653,0.5353790979489369,9,5,2,0,0,1,1
31,34062.094890590466,14.123980180792614,0.284748263335472,4,2,2,0,1,1,0
34,61541.4425436108,1.5007760910029715,0.21815194188263737,8,8,1,0,0,0,1
53,45939.092279140146,2.807585082092952,0.3120419961116755,0,4,0,0,1,1,0
67,57422.917467426174,10.307232165577965,0.3523075122189997,1,5,1,0,0,1,1
57,37920.29626568359,9.223699354910641,0.2710671221927038,18,8,0,0,1,1,1
21,51731.795749458,1.0295975634528098,0.4450362053958418,13,8,0,0,0,1,1
19,46886.45529215841,8.113712886243968,0.22585180138579197,19,7,2,0,1,1,1
23,73355.64123319615,3.0641707324122747,0.32014398505499075,9,8,1,0,1,0,1
59,55088.416866024265,3.2982609877689626,0.27110536325711243,8,3,0,0,1,1,1
21,56752.05324150404,0.7163502844895132,0.5586785126889969,9,5,2,1,1,1,1
46,41762.460677550655,0.42017821036661684,0.11156550752069928,5,4,0,0,0,1,1
35,40247.87551855013,6.508650507257196,0.23767785786809478,16,4,3,1,1,1,1
43,41348.836243607584,3.43047207298425,0.49440099281191735,5,3,4,1,0,1,0
61,57889.042847565936,2.8710525207056565,0.37364612769144645,3,1,3,0,0,1,1
51,41580.31038359474,6.5375680065751895,0.37333623092783225,19,5,1,0,0,1,1
27,55795.49713792826,7.251773494836926,0.149714718795339,2,8,2,0,1,1,0
53,91508.01597290878,0.8652721538019974,0.25444196388386436,18,0,1,0,1,0,1
31,67422.49406863385,4.710930064584235,0.11030922387797386,17,6,2,0,1,1,1
48,43479.52935664318,0.7271759976393737,0.10228647869095385,3,5,1,1,1,1,0
65,74024.27844327889,6.959049439136748,0.5295105415157693,7,2,0,1,0,0,1
32,41838.49253956897,5.349470503079719,0.6169977733327201,16,0,1,0,1,1,1
25,9237.50929644292,15.688163929801622,0.310916597436837,4,3,0,0,1,1,0
31,29838.27378165192,0.3572545375426614,0.25743480118670375,12,8,0,0,0,1,1
40,12584.161579482883,0.29373513412418734,0.20520225240831816,0,1,0,1,0,0,0
57,42969.730319173825,1.6577314679743202,0.0342811885253532,12,2,2,1,1,1,1
38,50368.367583791034,1.517063656781916,0.5387564980440281,3,1,1,1,1,1,1
33,83528.74624550565,1.4183094814786363,0.43034712471245046,13,1,0,0,1,0,1
62,56538.54747528325,11.835862371081546,0.17293119024575548,2,9,2,0,1,1,0
35,45617.98942382271,1.4353859428180331,0.3861953131745711,4,7,1,0,1,0,0
64,66588.11162366979,1.5869258782709739,0.08801677272018701,6,2,2,0,1,1,1
41,5777.2938198423,7.123061267985805,0.31938829481040104,0,6,0,1,1,1,0
43,54712.29116217132,2.9868204943252854,0.47231118588080045,11,7,1,1,1,0,1
42,65417.30387773934,7.496431991292298,0.3349223797090783,10,2,2,0,0,0,1
62,20428.27508440317,0.3380021938096258,0.3392109926751875,7,1,2,0,1,1,1
58,72875.08086413858,3.342967460518684,0.19947966636744222,5,7,1,0,0,1,1
46,56769.928149888285,0.17095762468974915,0.5557147333885887,1,2,1,1,1,0,1
32,41694.24172198398,0.3235097575531596,0.42172585202871793,18,6,1,0,0,1,1
62,62655.637322125694,11.845625590727419,0.19684873081482504,19,0,1,0,0,0,1
18,95413.85715608792,0.7497289952322251,0.12680950517840076,19,5,0,0,0,0,1
42,53637.3251011699,3.8009314053110494,0.5706023403747184,13,8,2,0,1,1,1
24,54964.41172600672,2.647457109592807,0.37519128642208177,0,2,2,1,0,1,0
26,40812.782009195114,2.133520277972683,0.29038734722499676,9,6,1,0,0,1,1
41,33003.112610704164,11.504599685044134,0.09611443138067677,15,5,2,0,0,0,1
18,66606.71633088491,0.11032524677500766,0.13733524909357603,3,7,1,0,0,0,1
61,32878.323481822656,5.450091904163448,0.4744879360917795,10,2,1,0,0,1,1
25,51431.32474438785,16.537774897341833,0.035315998783811135,15,2,1,0,0,0,1
41,40446.851064697665,4.10681430140426,0.053086119567523044,19,3,1,0,0,1,1
28,59579.596514927835,13.809032264595595,0.19396721310043455,0,2,1,0,0,0,0
68,56673.242105738966,0.2683641914791203,0.2449843568152812,15,8,1,1,0,1,1
34,70750.79888515799,2.7132442614864805,0.4806977572225944,18,3,0,0,0,0,1
25,39799.672022905055,1.5065917327534437,0.2017163308973403,8,5,2,0,1,1,1
52,44602.50129413258,6.561892815365702,0.41069809664631884,8,7,0,0,0,1,1
52,30424.725684353853,19.89538089420841,0.4210338527533138,8,7,2,0,0,1,1
50,41114.13479847777,1.482134737918257,0.4017150861253683,16,4,1,0,0,0,1
22,57546.009860897044,5.309106299150158,0.46364048087357074,11,4,2,1,0,1,1
59,65139.772332907036,1.1038420756713982,0.4414578427283593,12,5,2,0,0,0,1
56,31556.693516447493,4.165843710739791,0.07309346833868632,7,9,2,0,0,1,1
58,67392.1184021132,3.1174758408616094,0.2759627093661234,15,6,0,0,1,1,1
45,77112.75717609902,17.878705654540575,0.6081731927673873,17,9,0,0,1,0,1
24,58268.69806447402,4.689197140188667,0.5494654483243985,0,6,3,0,0,1,0
26,87535.91625116131,2.150118883764553,0.19238173479668302,0,3,3,0,1,1,0
25,34524.21601792854,0.6057322178781008,0.453926342225047,11,5,0,0,0,1,1
29,25106.90593377166,0.8199343186071815,0.18914600738153023,5,6,2,0,1,1,0
51,14425.595021914429,1.2765063757044115,0.4040043586428681,8,4,1,0,0,0,1
50,79920.88622978366,1.444858927806849,0.22375023742705533,4,4,2,0,1,1,1
65,63087.31312708116,9.506177471315553,0.4349507363034439,15,1,1,0,0,1,1
40,48888.3065817909,4.1188174255839725,0.3635241975838558,17,6,0,0,1,1,1
41,55599.37252639641,3.7052932239272174,0.29510194685681723,16,5,1,0,0,1,1
54,27490.21905403247,0.6095325317064895,0.08782645533823519,17,0,0,1,0,1,1
52,98915.03959233653,9.835555820775436,0.4550595708995103,0,3,0,0,1,0,1
61,52584.42363950455,6.4153380593693035,0.23196909933092416,18,2,0,0,0,0,1
57,52187.895892097855,0.35033346359758155,0.20317020518670395,7,2,0,0,1,1,1
39,64515.33247797384,6.152184503012271,0.3044296156663563,2,6,0,1,1,1,1
44,59620.184634734265,3.9212515030869195,0.41324293124905687,4,9,1,1,0,1,1
52,54477.68048558263,0.42629372734834137,0.24582675980206903,7,3,1,0,0,1,1
18,34190.51089109376,3.065220603033512,0.2155212649665496,18,7,0,0,0,1,1
52,59429.367142719915,3.314994092074675,0.1652300526988811,17,8,0,1,1,1,1
54,87640.48992950068,0.9062578881090823,0.26401838088590207,17,2,3,0,0,1,1
64,76908.40092309956,14.56598463699748,0.41798536823710236,0,4,1,0,0,0,1
31,81863.73253278794,9.484779041173425,0.3468018099979776,14,3,0,1,1,1,1
20,39775.6864713763,5.52852195130109,0.1887387931601325,17,9,1,0,0,0,1
18,30207.90359482838,3.1022311983444286,0.4340840386845348,6,5,1,0,1,0,0
22,47484.26159800704,2.6531483587842204,0.3362740101115349,15,9,2,1,1,1,1
43,51114.498245773895,5.263036671570292,0.3075056576330164,15,3,0,0,0,0,1
31,71883.83036941897,3.9420373715189623,0.4446279191066484,14,7,0,0,0,0,1
56,16150.707405703615,0.32148265013563276,0.3527077819727991,5,2,1,0,1,0,0
44,80591.00638921227,3.592352109670177,0.39817076757648523,8,4,2,0,0,0,1
26,46839.842028420215,8.209898941840661,0.41419473428642095,6,0,2,0,0,1,1
32,41462.3786010516,3.07389747566115,0.12174624985277148,13,5,0,0,0,0,1
32,29757.91249479665,0.26677486754224666,0.116858710013207,10,4,1,0,1,1,1
43,16902.866562684612,7.715400534056185,0.4720677198262793,15,7,1,1,1,1,1
59,66463.41167923828,1.1242486684293702,0.06792109399286941,5,8,1,0,0,1,1
30,51466.359343768076,1.4962154537418513,0.15013659636820473,15,7,1,1,0,1,1
68,24200.782005178924,0.8998597170870082,0.28525078077590993,19,7,0,1,1,1,1
49,24098.42455872768,2.003993052358571,0.3748998760366616,15,2,0,0,1,0,1
56,43284.306014197435,7.068358739082581,0.27744950116338923,11,3,2,0,0,1,1
66,83380.43050578787,3.6634526676202146,0.2973675926316422,16,3,1,1,0,1,1
69,44808.1729727279,1.1463191739354421,0.1800598947569452,4,4,0,0,1,1,1
49,19937.140937637876,10.51171200632744,0.723754419331908,12,8,2,0,1,1,1
21,45085.138718281116,10.583925255399171,0.2587848583455329,7,8,1,0,1,0,1
47,44545.52860504659,10.223400900512182,0.4191343156728417,4,9,1,1,1,1,1
54,-3937.732858831434,1.364270832034604,0.14751099829025166,11,0,1,0,1,0,1
40,48914.102669643755,3.000464482161465,0.23325972978998843,8,7,0,0,0,1,1
56,45381.30939582644,20.995078624649754,0.4563029734443914,2,0,2,0,1,1,0
62,63924.127296268365,7.392321860913893,0.11099512270858747,2,1,1,1,1,1,1
32,86979.1218989069,0.13771639318440762,0.524107383079782,0,6,1,0,1,1,1
60,72531.30059095514,0.33713793909555256,0.2494485341513156,17,7,0,0,0,1,1
46,44622.22618890339,3.1174654888553146,0.35765966969172464,11,0,0,0,0,1,1
53,27869.481825166593,11.996592748268405,0.1411241998676989,8,2,2,0,1,0,1
30,101467.1960649972,3.8685529300196024,0.25621935561558057,8,6,0,0,0,1,1
49,51184.368680289765,3.44390869524446,0.5239791499617252,17,8,1,0,0,1,1
24,50278.58583825892,0.5573048725830221,0.4819498063691885,17,7,1,0,1,1,1
68,49517.49825779993,5.346919715654812,0.2639644320402215,6,7,0,1,0,1,1
39,53961.6952153571,8.632757253150999,0.22351415888456408,3,8,1,0,1,1,1
45,47112.79176152115,2.3935673098359214,0.27642704708167387,12,9,0,0,1,1,1
19,38526.75986239527,7.471889591691858,0.32112925534140707,16,2,0,1,0,0,1
59,39062.821175192155,16.68782581026049,0.557406885681536,1,7,1,0,1,1,1
62,49344.93459568003,1.1393137155670654,0.16218908617481992,13,0,1,0,1,1,1
23,39131.5045773247,3.7046503885106787,0.15480747939205203,2,7,1,1,0,1,1
45,35743.084346456715,1.6923368344452694,0.20960392282734935,4,6,2,0,0,1,0
45,52128.60455383794,7.871667216087371,0.10686653718771086,13,7,0,0,1,1,1
61,44900.455651582895,4.308934204698224,0.36441921405229005,2,0,0,0,0,1,1
61,80079.85977165378,5.033572589166379,0.06985421523280302,6,5,1,0,0,1,1
37,-3019.3961678602427,7.995313597255331,0.5752524381494896,17,6,0,0,0,1,1
47,71830.13703844923,2.520660979608902,0.28165155884564697,12,4,4,1,0,1,1
28,74921.70384995258,12.330821063064828,0.37944115369394515,9,4,0,0,0,0,1
45,8532.195351837014,3.807439187276906,0.045659631002925305,12,6,0,0,1,0,1
42,43146.24811839302,0.8596080579465919,0.3907392159198113,15,2,1,0,1,1,1
56,42571.18268008417,5.95197892248194,0.32590294062100394,8,5,1,1,0,0,1
50,21849.766105643575,7.881499229619774,0.3450841502829877,1,6,0,1,0,1,0
18,34443.66624818249,1.9045577239785516,0.23701367390107056,4,0,1,0,1,0,0
44,27788.483090683425,9.73082490256681,0.4243518655493258,16,1,0,1,0,0,1
69,85045.40886847246,11.829928230155833,0.12881200099088816,3,3,1,1,1,1,1
30,68713.56786294922,1.6210697978523219,0.3299114686361586,16,7,0,0,1,1,1
58,75431.10189988317,20.528485611408694,0.06675553056618239,8,9,0,0,1,0,1
20,64433.4412808647,0.7582529519025276,0.10571078303232644,19,5,3,0,0,0,1
56,27418.964575655416,1.128331581573379,0.5357995621053333,1,0,0,1,0,0,0
23,39509.59467440453,1.0180825013378585,0.15957134377575063,17,9,2,1,0,1,1
25,59787.49122455836,11.221095570920664,0.12287989871766325,10,4,0,0,0,0,1
44,25557.44382216109,5.310811942673517,0.30995644773932673,12,6,2,0,0,1,1
26,64259.96860344776,0.8249881312515189,0.5006741240171694,7,5,0,0,1,1,1
54,45193.4920368373,2.9019809744493594,0.19253338124350866,0,8,0,1,1,1,1
50,42503.58384900805,4.776431677739809,0.6798139772747849,16,7,0,1,1,0,1
68,64219.19936406983,0.43577012666828674,0.16580692395614124,11,3,2,0,1,1,1
59,58885.26622972079,10.703027201711366,0.44532573170634104,3,4,0,0,0,1,1
61,42780.6766836184,8.13809942226804,0.28710346659034747,12,6,0,0,1,1,1
41,73186.59606728496,3.5180766404091806,0.20515210248463084,8,7,0,1,0,1,1
32,28378.733448002055,17.075459615250438,0.3569482999794101,6,4,0,0,0,1,1
49,62318.712138885276,2.704371135146974,0.08720531597496316,4,8,1,0,0,0,1
49,61862.02515936767,20.71042688225587,0.23791157291652001,4,9,0,1,1,1,1
41,43809.07121372019,5.511896858173445,0.2125906368597829,16,3,1,0,1,1,1
58,56522.66044484236,5.034788547467604,0.3380474712276761,8,3,2,1,0,1,1
69,24977.72847229394,0.9073389785331738,0.29052756084271986,5,7,1,0,0,1,1
66,68480.54038413802,10.682293120440278,0.3479181328972756,18,0,0,0,0,1,1
66,46301.95727114022,2.7886226567511265,0.42219960770511694,15,7,1,1,0,0,1
69,39545.539589619206,0.885078722413422,0.24249642318363557,1,4,1,0,0,0,1
29,70980.18451673779,0.06343834561467812,0.3024763373927353,9,0,2,0,1,1,1
56,35913.126189144816,4.102127208569378,0.5685546252018754,15,3,2,0,1,1,1
19,21830.774072728807,3.7475255732925157,0.29393240112032726,4,1,2,0,0,1,0
20,18867.416529521925,6.35329922373547,0.23718069472344744,14,3,2,0,1,1,1
66,62120.19902691279,11.048118028677141,0.4348483136027772,12,7,0,1,0,1,1
54,24391.412950074337,0.4136840009027475,0.24766475341982122,12,4,1,1,1,0,1
66,85095.8836396873,6.574456468802962,0.5915252921662858,12,0,0,1,0,1,1
34,8361.411842325557,1.0376549707763458,0.49414273786873564,14,6,1,0,1,0,1
66,83929.12736580076,9.765879262842791,0.19275092244199293,13,0,1,1,1,1,1
19,54220.34934405237,8.548046073055023,0.21570858057122805,7,8,0,1,1,1,1
19,48065.73776259215,3.8912791714955026,0.4548274324248505,10,2,0,0,0,1,1
45,39101.618263821,6.193559716560313,0.43203347294911104,17,2,2,0,1,1,1
40,57982.72228704142,1.8869407530569824,0.4727380263938699,3,5,0,0,0,0,1
54,49247.30595150303,3.185421433947308,0.2538973946761992,9,9,0,1,0,0,1
49,72066.03764033043,8.619669529794812,0.28572136176326274,0,5,1,0,0,1,0
50,52284.552973240796,3.0741315921204126,0.2317922806044498,4,5,1,1,1,1,1
18,53006.035229237554,2.214263980932781,0.23320414628000993,12,0,2,0,1,1,1
36,42727.75575572289,3.4081927704243213,0.16973032592208812,0,4,0,1,0,1,1
19,48861.08752557865,8.80855497633712,0.49151217411248727,7,5,2,0,0,1,0
61,56156.03537784118,2.0414057023216685,0.33195877515080124,2,7,1,0,1,0,1
43,15796.632146867487,0.954359594706478,0.34270313402458813,2,0,0,0,0,0,0
49,23036.29155788574,6.224217408676418,0.47320746037150585,6,4,0,0,0,1,0
23,64865.2818804543,8.742873866424489,0.057826174727944005,3,2,3,1,0,0,0
49,53417.30876255884,0.5303453804904421,0.3342823374545915,2,1,1,1,1,1,1
21,46320.33327294642,1.3713560915406764,0.5055663733930453,14,7,1,0,0,1,1
28,50368.678661307866,0.7655926703041758,0.10926771693672341,7,6,0,0,1,0,1
34,56951.63410723342,2.1381043077802806,0.47637186210417104,2,9,0,0,0,1,0
55,39204.806393812774,2.992376739601061,0.3351520189164386,6,6,2,0,0,1,1
41,34433.905491953745,6.908053472419113,0.31131126560378347,17,4,3,0,0,1,1
22,53916.90510195363,5.2655316276775075,0.31565145210422435,10,8,0,1,0,0,1
69,30432.544447699358,4.850153076744655,0.13425930596426694,10,4,0,1,0,1,1
51,58165.05511428944,2.172216857034855,0.04261251654027319,16,1,2,0,0,1,1
23,15948.327915243193,9.208349225171542,0.44024925150934274,5,2,2,0,1,1,0
39,70583.11274651287,3.1865492202196304,0.1195934956640864,7,3,2,0,0,0,1
28,59451.94964826086,19.341212082974454,0.2000779313230957,0,4,0,0,1,1,0
65,55120.594686277516,5.027551885048863,0.7007817975708072,9,2,4,0,1,1,0
33,69653.81967891028,0.6748892859051263,0.2817555447671213,18,6,1,0,1,1,1
50,83309.48888925153,5.637799722553777,0.34926511547555156,2,4,3,0,1,1,1
26,70287.4013003626,1.965983484598051,0.18348662812958907,3,4,1,0,0,1,1
23,13182.515373367096,5.797024320124432,0.5023166737897836,10,5,1,0,0,1,1
33,24408.46066528597,0.3609245253477216,0.06245007841002178,14,6,1,0,1,0,1
46,37503.628446086426,0.9611409522956076,0.4354437700393007,0,9,1,0,1,1,0
20,50521.821004216676,9.680595255090651,0.0920630148030118,8,9,1,1,1,0,1
37,60353.18040938246,1.2885427165339245,0.6257518883853295,10,7,1,1,1,1,1
53,35485.12373693069,9.07128706056416,0.37700811694720254,18,8,2,1,1,1,1
36,53735.33528954157,1.6374956968937364,0.1271719790497805,12,3,1,0,0,1,1
43,34892.34135293355,5.148443838751175,0.27435287356315835,15,4,3,0,1,1,1
20,37769.64394016103,5.923311842148193,0.38256661568693123,3,4,1,0,0,1,0
36,21866.778063035556,3.5939124064427475,0.17843961982715925,0,7,0,0,0,0,0
37,31535.335077781914,1.8214527509449105,0.2162905367743838,19,8,1,1,0,1,1
49,22966.307887673327,1.195376300823429,0.5209740341645329,12,6,0,0,0,1,1
24,30482.534940453344,0.1687630960528036,0.279074004926693,0,4,1,0,0,1,0
69,71072.8359321568,1.8116430595060464,0.48498879957497276,4,2,1,0,1,1,1
58,31012.02222336114,5.2944987304611,0.3481128642195799,4,0,1,0,1,1,1
50,102647.64129674781,13.92774722954687,0.37769730827879666,13,8,1,1,1,1,1
57,59866.358017617786,10.247646330481997,0.45526763848906865,13,4,1,0,0,1,1
56,53696.72247389748,7.26355512373689,0.564636774420852,7,8,1,0,1,1,1
35,32832.84439637573,7.766406717068507,0.13525495524082082,3,9,1,0,0,1,0
57,64006.19758817983,5.467898419608366,0.41890629703440113,6,3,1,1,1,1,1
18,38487.24347524452,1.5074640664863508,0.6277239733678208,19,4,1,0,0,1,1
28,52440.19629290723,11.886275460975453,0.42330626189328024,18,3,2,0,0,1,1
45,101201.69076537588,5.554421087100344,0.3242865327317485,14,1,0,0,0,1,1
42,48078.802005507,4.109912439431902,0.5237323534287259,3,0,0,1,1,1,1
67,72985.46652571352,0.5882309894213232,0.6843643932117193,18,7,0,0,0,1,1
40,35936.47149748226,2.9624886169196856,0.35926527588984386,8,3,0,0,0,1,1
48,49300.23019006076,3.0842491240149776,0.3939614324212918,12,4,1,1,0,1,1
47,85416.0127127102,9.996265959284822,0.3799956547644613,13,5,1,1,0,0,1
59,37460.65884424465,3.955434494928822,0.08417433653931046,13,7,2,0,1,1,1
52,86248.97115993858,2.3934102822378924,0.43722711473977127,9,7,1,1,0,1,1
24,64155.03870910951,18.818085801761693,0.09410779357588527,15,6,0,0,0,1,1
33,38750.66448211465,0.5867189981337926,0.3982612864989766,4,3,1,1,0,1,1
43,62648.15478111042,2.745653493256675,0.07765506645751091,5,5,4,0,0,1,0
65,69451.0889925346,0.21466629153440706,0.12821245493162958,1,3,1,0,0,1,1
69,62436.19924434393,6.733524748315729,0.21425064305656616,12,6,0,1,1,1,1
66,18595.50560219087,12.50985015581939,0.18980885239554654,12,0,1,1,0,1,1
19,35457.25648350263,1.6427795745700968,0.449549690409468,18,4,0,0,0,1,1
18,45049.6272889699,9.771686477564147,0.23408313613509113,17,9,1,1,0,1,1
65,48511.33141799908,1.7280973395914967,0.10047468691113758,18,9,1,0,0,1,1
29,62413.44195101356,12.082698923069854,0.1752910699720822,0,3,2,1,0,1,1
22,53554.020018665076,7.011344458060847,0.31120624590899987,7,6,2,0,0,0,1
54,23293.112825797976,8.171388835882192,0.30725814341699853,15,8,0,0,0,0,1
49,57603.95702011926,0.09085323207082231,0.31622983906163077,1,4,0,0,0,1,1
26,62211.71490567646,16.458624862181985,0.4493230296578294,7,3,1,0,1,1,1
58,61195.80895862079,6.485395260823416,0.4992607592612914,5,8,0,0,1,1,1
52,71615.61451109244,1.8174268069886148,0.37973287476095796,15,4,1,0,1,1,1
36,66678.44309097808,8.842011858024538,0.25879512048478875,10,8,1,0,0,1,1
65,59183.601584568736,1.6530953880365957,0.21720650202910807,16,7,1,1,1,0,1
33,48596.68577082706,10.308158987072083,0.6337271424536701,18,3,2,0,1,1,1
20,16780.78132968017,0.597186712405471,0.3024225452045582,10,6,1,0,1,0,1
37,58592.364382651715,6.081677500220933,0.35324383153672906,7,4,1,0,0,1,1
41,54153.75374326222,3.8902418548362765,0.19600880118123296,3,9,2,0,0,1,0
50,55431.57674390747,0.5075866076325476,0.19460414633823603,10,3,0,0,0,1,1
41,24465.02848359381,1.3846591744415069,0.12016596269169015,7,4,3,0,0,0,0
69,28378.869191834754,0.0624080423751401,0.2881738348704263,8,4,1,0,0,0,1
28,71063.05706665808,3.1627818833014096,0.19451076843381124,1,8,3,0,1,1,1
66,49208.8969228669,1.7924204741859722,0.22190174670034968,15,8,0,0,1,1,1
25,63630.01394745249,4.56096425207786,0.49244241405815076,5,5,0,0,0,0,1
53,50566.367522609224,1.7636835997261835,0.08506599782258312,18,3,2,1,0,1,1
55,50595.1227899149,1.7827969781233706,0.17078468035505964,7,1,2,0,0,0,1
57,68765.67611951995,6.797156114135131,0.3275299415979275,13,2,0,1,0,1,1
37,39679.10543565252,0.24670146619977681,0.3146017534698956,15,1,1,0,0,0,1
52,51922.41553881967,11.659811810955894,0.5591300431761457,11,4,1,1,0,1,1
65,40754.49422589915,9.561637658070381,0.05690746574113332,4,5,2,0,0,1,1
42,41310.07545135369,5.51016089756706,0.5215862971395819,18,4,0,0,1,0,1
52,43816.557530627215,4.497433200381701,0.11091117446247269,17,1,1,1,0,1,1
42,54442.67543267426,11.142144452215279,0.22652284530795472,8,4,1,0,0,1,1
46,40425.02756673045,1.0248618804199439,0.08232379528839835,1,8,0,0,0,1,0
35,75115.12251147041,0.4113088016205121,0.02033762111179792,19,3,1,0,0,0,1
63,32107.85395560992,1.3689627001715945,0.515099224706211,11,9,1,1,0,1,1
35,46262.56711677282,7.91345117931367,0.1524295832997067,1,1,1,0,1,0,0
19,41205.3788345165,0.17642771747663252,0.401561690342304,9,2,0,0,0,1,1
52,78939.55768707466,4.371029696097835,0.1934741652155991,0,2,2,1,0,1,0
33,53931.09553023149,26.94944054430042,0.5676055160091945,3,8,0,0,1,1,1
58,70636.8907893727,9.679168719178845,0.207457529958512,11,3,0,1,0,1,1
53,20288.79253926056,3.684927860044089,0.24303279275432918,8,0,2,0,0,1,1
50,55341.00531738518,0.32878116076265756,0.16867962259904035,3,0,1,1,0,1,1
21,67792.61591246874,8.900345771633697,0.11978721348434995,8,6,2,0,1,0,1
50,51645.67978550848,4.568701287718527,0.4281637369757693,5,6,0,0,0,0,1
31,71309.60750130702,0.6104596365140864,0.2805328520070296,0,1,0,0,0,1,1
38,39654.230997992556,0.4927923153723075,0.025530459181464824,9,8,2,0,1,1,1
65,78186.9488037116,12.019038653921694,0.5758838933798938,13,8,0,0,0,0,1
37,95977.962472385,5.531210553440255,0.24667491342653283,17,4,1,0,0,1,1
25,42743.22879120682,8.838851597612024,0.12659141193795395,5,2,0,0,0,1,1
24,41089.949571984565,10.558951853774708,0.07690526282307505,17,2,1,0,1,1,1
20,79067.68954235403,4.240501685324601,0.13178659947560378,19,2,0,0,1,0,1
34,81591.44291461425,3.6433158815578937,0.34235225040309447,15,5,1,0,1,1,1
50,39542.799456934634,2.8143452104728715,0.4422870444385288,14,3,0,0,1,0,1
65,41596.263658082855,1.9059111005669158,0.22902080143355766,15,7,0,0,1,0,1
29,44364.30782278986,2.851073449415669,0.8133424050014515,7,4,2,0,1,1,1
68,23110.98977931446,7.43343962333363,0.20792342426577648,12,0,1,0,1,1,1
39,31626.961070316036,4.605554539085551,0.26083444259376065,10,8,3,1,0,1,1
39,29917.184664958644,11.15240552814668,0.10952628416623476,6,0,4,0,0,0,1
63,34644.04869791743,2.92936261960972,0.25085125200039493,16,5,0,0,0,1,1
47,49306.30225226437,4.6708681438264446,0.46152626905013167,17,0,0,0,0,0,1
55,54684.294650730415,4.9889622984546325,0.6224521206393593,18,2,0,1,1,1,1
55,81010.00985628154,4.478730653297564,0.3984798933684013,12,9,3,0,0,1,1
62,30032.919185224182,6.063954062764889,0.058734322284688646,14,4,0,1,0,1,1
68,69686.44796953167,1.3553275985830637,0.09968586243360074,0,9,1,0,0,1,1
25,45720.22311548982,3.5909279845120694,0.05874538677015844,15,6,0,1,1,1,1
44,49010.72580695134,0.5503289673916542,0.14049481279644285,4,9,2,0,1,1,1
44,63496.38984333207,2.4266936874952982,0.18135617969878268,2,7,3,0,0,1,0
51,27545.559568754026,3.343903043343766,0.12077322769540527,9,8,0,0,0,0,1
38,57648.19492368101,5.280987154596442,0.3803905055871858,18,5,1,1,0,1,1
47,53329.04416426112,15.032050656159715,0.11550874706878707,4,8,0,1,0,1,1
50,59849.02528016298,4.589598621665501,0.3442408863859198,6,7,2,0,0,0,1
45,55783.37287815636,6.80496413178296,0.4240345061051237,13,8,3,0,1,1,1
64,99106.00279821789,3.5287924442783862,0.22282399733200586,2,9,0,0,0,0,1
50,37245.200314973685,5.027031123587008,0.49661588793271977,12,3,0,0,0,1,1
22,39380.060899963646,0.3678678924806502,0.3672419812866422,12,8,1,0,0,1,1
65,37537.18947150471,1.4677736194256954,0.1766046090707247,9,6,2,0,0,1,1
36,38890.457616794905,2.2459338035474525,0.25806347299908466,1,4,2,1,0,0,0
21,37252.25745386965,3.1979690828360434,0.18946469672779903,5,4,0,0,0,0,1
52,73780.33062215103,0.23361742001170605,0.41553989542792674,7,0,0,0,0,0,1
66,78410.0849597971,0.754254552689986,0.3736665773648109,3,1,1,0,1,0,1
34,38585.07412501048,1.6204462705167058,0.31574326822413956,11,9,2,1,0,1,1
61,33352.88853791542,17.794994496157955,0.08399329541065491,14,2,0,1,0,1,1
45,59428.311127728084,2.01245024322056,0.17040026056912042,7,7,1,0,0,1,1
47,38955.539114380575,3.2892965131437553,0.1477675605532415,6,5,2,1,1,1,1
46,62658.63635511021,1.091387752228215,0.039946971742571044,13,9,3,1,0,1,1
63,54058.46041702599,4.7180536256995795,0.10329415178606531,18,4,1,0,1,1,1
23,19685.11770005536,1.6472671395570604,0.10515294927659564,13,0,0,0,1,0,1
52,80950.10402660123,1.159613492746251,0.22786647909438923,12,8,0,1,0,1,1
58,85917.55346191043,3.634270946622103,0.40368453719585895,0,2,1,0,1,1,1
54,37744.22619031228,0.02760505968654886,0.18541250912330293,18,2,0,0,1,1,1
41,42245.968801280316,0.03846776135200151,0.23563203212078124,0,1,5,0,0,1,0
46,55717.3078144981,1.236341184337153,0.23568719520267642,3,3,0,0,1,1,1
66,56689.1357997405,0.18706282919097914,0.2556894500410284,9,1,2,1,0,0,1
63,63170.885453456605,0.5715900958138311,0.27731658935159587,2,8,1,0,0,1,1
48,90204.090775327,2.0689532170251543,0.4929038584246122,19,9,1,0,1,0,1
52,46461.05545011901,8.112253047128231,0.22461636012846697,8,6,3,1,1,1,1
50,34034.055109230925,4.243728712956564,0.4978941595164927,2,7,1,0,1,1,0
69,22413.615439709454,3.594045504940313,0.2708167713466874,5,2,0,0,0,1,1
38,35381.39920116162,1.7370812851832371,0.2447966527292512,5,5,1,1,0,1,1
49,49337.46054252406,13.42316171793108,0.7069398340941843,11,9,0,0,0,1,1
40,85891.15727035576,2.5293151328733416,0.4405181037535751,0,5,0,0,0,1,1
50,39647.77401927657,0.4556050505828779,0.04283204593560013,15,0,1,0,0,0,1
20,54475.75903277797,4.79946988104977,0.3382887652701045,4,5,1,0,0,1,1
35,49671.54207854496,0.6042797243533146,0.1093125928188253,8,2,1,1,0,0,1
42,73767.86546896168,2.117303887116328,0.2790779756873904,9,2,1,0,0,0,1
59,100538.64851747244,3.5404101485987303,0.12319567633573482,12,2,0,0,0,0,1
48,39382.624541593585,10.366205011494582,0.31085490028701984,14,9,2,0,1,1,1
20,40211.21114963556,3.401614623279765,0.5807638662086987,11,9,1,0,1,0,1
57,70883.21754138144,6.057652560462551,0.3520188680892029,4,7,4,1,0,1,1
63,63637.82979252623,24.68007870989055,0.21162448830095731,4,4,2,1,1,1,1
41,86934.14651472066,0.7048758295799078,0.19060156650468274,17,3,2,1,1,1,1
67,61678.56370651928,1.6060669152345084,0.5287406174504465,11,8,0,0,1,0,1
49,42814.158184258806,2.509131824182375,0.3441654266410305,2,8,1,1,0,1,1
64,61813.09661384619,2.73942092760732,0.509483025220101,6,0,0,0,0,1,1
39,72174.07161165815,2.646824387031414,0.3888300984943921,16,1,1,1,1,1,1
40,66409.64362394728,11.908736913559572,0.24862235523960224,18,7,2,1,0,1,1
19,60145.48062214596,6.259388080847127,0.32585022418213927,17,4,2,0,1,1,1
44,71333.49379178308,4.681258338158763,0.6161490898475421,0,6,1,0,1,0,0
59,73385.91180891346,1.8507749491469943,0.2637367830498125,4,0,0,0,1,1,1
19,77643.17982075055,8.680404969388556,0.18218694455348772,1,9,4,0,0,0,0
43,62974.19775179285,15.51219196899078,0.171892970512924,0,4,2,1,0,1,0
34,46657.63839366291,8.607389054325331,0.39670589681207996,6,2,0,0,0,1,1
57,52934.273728666456,0.007831656240208741,0.2024517443898647,10,9,2,0,1,1,1
50,74130.17933016713,5.058523425335606,0.22863765281597825,10,1,0,0,0,0,1
26,33661.28658025528,0.2624457374752228,0.46349070456281477,17,1,0,1,0,1,1
60,57373.46617745802,1.4893841161123782,0.10118673151915425,16,8,3,0,0,1,1
65,42133.22375345279,0.30684946790983153,0.2799184058289093,1,3,2,0,0,0,0
56,50574.89645869635,4.62912334064396,0.4914679824608622,6,3,1,0,0,1,1
46,75569.03725214598,5.801213827223802,0.31599410767455666,6,6,0,0,0,1,1
59,53821.981360398066,0.607944307284065,0.2817194221228608,9,9,2,0,1,1,1
43,50928.73096312297,2.4212339807468024,0.3774191190742991,2,9,2,1,0,0,1
52,22802.877180401614,3.0462044288539465,0.3231700330669986,11,1,1,0,1,0,1
67,64925.07132054441,2.302667240593697,0.2453787438648542,2,2,0,0,1,0,1
42,62909.68362282151,0.6449941183205865,0.05079942872190077,10,2,0,0,1,0,1
41,93265.0944661092,2.714573320919404,0.3893073782684028,11,5,2,0,1,1,1
30,43844.435300939986,6.955088448640369,0.09094489894008022,3,2,2,0,0,1,0
24,54383.00655327878,0.36827395253618056,0.40660733444171865,15,4,1,0,0,1,1
53,54987.673674215104,0.41788647782379895,0.04913317291823275,19,3,0,0,1,1,1
62,81549.0655952695,2.190752193682152,0.13406080555620095,17,2,2,0,0,0,1
37,48094.089352260955,14.212971527639205,0.3113574232014944,3,7,3,0,0,1,0
18,55580.430515406784,5.521733194204588,0.23475450753864355,5,9,1,1,0,1,1
25,62157.93019433078,5.676432558498414,0.20655144744303597,14,2,0,0,1,1,1
63,53732.18246312716,2.246457986449028,0.6816552682617121,0,5,2,1,0,0,0
33,41071.32770898943,4.502834892867231,0.4125868136483029,2,6,1,1,0,1,0
31,53881.79985796615,0.05091426876271543,0.053121042959720026,4,6,1,0,0,1,1
29,71472.63499719545,5.054326549630213,0.49061904250908245,16,1,1,1,1,1,1
68,29469.694011778796,12.225754297699062,0.4547962996448925,13,2,4,0,0,0,1
40,52659.39348293752,4.741145219464216,0.36081494259459335,8,9,0,0,1,0,1
32,35997.583701216536,10.345420566187718,0.18806662822322226,2,9,0,0,0,1,0
45,73900.93257849685,6.436283964535804,0.396148132078496,12,3,1,0,1,1,1
51,19536.261904324507,0.6423406851299852,0.2841761625924747,2,6,1,0,0,0,0
19,38821.563054568236,11.63712057990887,0.4365609916533659,10,1,0,0,1,1,1
49,57544.237501290416,0.3437708089506855,0.14190926688076597,1,2,2,0,0,1,1
40,81310.48058468681,3.8174992294642345,0.17512991611967793,14,6,2,0,0,1,1
39,48684.99477854025,0.766555051037578,0.10939522362794184,12,6,0,0,1,1,1
68,38896.009466136034,0.05887836307241012,0.15094659543979538,18,9,2,0,1,1,1
42,87623.14138881181,2.741203428218688,0.19977115884535762,15,2,1,0,1,1,1
39,21039.72199167512,1.7480760959518882,0.32373719499724907,17,0,0,0,1,1,1
39,6023.88086759836,3.327664871115796,0.15229284112134703,6,2,1,0,0,0,1
66,58800.289001066645,4.304278785462037,0.27150653100697675,12,4,0,0,1,0,1
69,39958.91551294777,0.2236223312795628,0.48509930163334536,3,6,0,1,0,1,1
59,29575.343657385736,0.6562602194234074,0.35969416552293865,8,3,0,1,1,1,1
23,64167.12894598707,4.089499198641233,0.19668016242726186,9,0,3,0,0,1,1
32,54876.01427542398,2.1016300809552897,0.015531497830961472,8,5,1,1,0,1,1
60,38718.42738526543,6.531384192807291,0.2799801593212404,6,1,0,0,0,0,1
54,24393.91202658211,5.2819561062585505,0.18606212320601692,14,2,0,0,0,1,1
50,67449.14656560289,9.341184497486841,0.11690970530073955,7,3,0,1,0,1,1
25,63004.02355917322,5.896284320513487,0.28672806899006137,18,5,3,0,0,1,1
61,48016.482724412344,2.809990043020031,0.4524646695830735,10,5,0,1,0,0,1
61,86932.73992095332,5.588465205528075,0.17178147128900662,4,6,2,0,0,1,1
22,28598.30467347695,1.6105475999006464,0.4198229253993504,1,4,0,0,0,1,0
56,19489.496581505224,1.8286757394049724,0.23346542109232404,9,6,5,0,0,1,0
21,36161.83860237511,7.779134079251586,0.3430824449809528,15,1,0,0,0,1,1
23,49088.27967289004,2.9567406445783764,0.4799059691988199,12,0,0,0,0,1,1
62,54866.78898645384,8.006861151346733,0.015933791449791294,7,9,0,0,1,1,1
49,45175.278842873406,8.641737171109364,0.35244812387156554,8,7,1,1,1,1,1
69,57041.107930285936,9.744254161289728,0.6577252418827442,10,0,1,0,0,1,1
47,24969.211516191117,12.422647754965885,0.5379363637806488,10,1,1,0,1,1,1
64,78875.29208146519,2.8192443534990463,0.12275555219550162,15,9,0,0,1,1,1
52,48356.97643214862,1.919987120715736,0.3162967511292953,9,5,2,1,0,0,1
57,72345.91663176255,4.3637471492504165,0.7182985797189214,11,0,0,0,1,0,1
69,56854.50692755408,2.31949091486295,0.2096374939492888,5,9,1,0,0,1,1
33,59135.064383075674,4.5948988053763165,0.47984139810788023,11,2,0,1,0,1,1
30,61395.34560464408,6.1138393618473055,0.30096354758337374,9,6,1,0,0,1,1
67,58954.1712003463,5.830255353370436,0.21998463055148423,17,7,0,0,0,0,1
59,62854.45519735088,2.3464425212038993,0.47774106931540994,17,3,3,1,1,0,1
47,76583.05060264863,0.9127691290240819,0.4771332841901341,3,2,0,1,0,0,1
36,53930.4233940294,2.815240067989305,0.13018424985566324,8,0,0,0,0,1,1
34,64180.075151770245,0.7692194749305026,0.5303993887030928,6,8,0,0,0,1,1
36,48205.28611425547,11.040787202685333,0.0053680844501438315,17,9,1,1,1,1,1
45,78802.34430898946,2.1223028808697,0.2142283776069361,7,5,1,0,1,0,1
43,36472.153958814604,0.8388975176259995,0.29078800334020394,10,5,0,1,1,1,1
54,86018.80865821632,0.1288857719833833,0.21064687555536693,6,8,1,0,0,1,1
43,49196.84098711313,5.189783790103037,0.2798311894927176,8,0,1,0,0,0,1
40,21384.497957639036,5.0654169149841,0.18351478160566112,7,5,1,0,0,1,1
26,52562.088298215785,2.082156335553708,0.26322314115715506,2,4,1,1,0,0,0
29,36378.96685050239,0.3720656488813726,0.42006642843461356,16,5,0,1,0,1,1
18,66812.87097977448,2.635019740558731,0.27754244114871157,1,7,1,0,0,1,1
18,36947.52041395218,1.8641486276414165,0.6236265478175447,14,4,4,1,0,1,1
64,41076.33133570441,5.652382615793508,0.2746747326009883,13,1,3,0,1,0,1
51,12209.18538108938,4.654221230029178,0.23117562051690402,17,1,1,0,1,1,1
49,40953.87361501846,2.2674534327944587,0.7501009462025124,15,9,1,1,0,1,1
65,1522.413467420869,1.2288157461212414,0.48770314027533535,19,4,1,1,0,0,1
42,18321.943530285535,22.12925154682265,0.38579893959303424,3,2,0,1,0,1,0
57,65208.293122885945,3.0256963623264688,0.06754745429414084,19,9,0,1,1,1,1
62,65716.00317301665,5.828157192596624,0.5795435339820293,5,2,1,0,1,1,1
18,58509.1512356993,0.7573304104734127,0.4220781732681007,5,7,1,0,1,1,1
33,30660.47713741574,3.323670411344603,0.1076063974617847,10,6,2,1,0,1,1
56,49045.7728771604,0.13961481211462656,0.3737010222714219,16,0,0,0,1,1,1
22,49927.94921818863,3.5205868473535102,0.13742430887514978,2,4,0,0,0,1,1
39,26832.706216149145,16.623599942560745,0.5327875402080797,12,8,2,0,1,0,1
46,80067.96603534301,2.4242197239737098,0.5502437465751491,2,3,0,0,1,0,1
20,67547.24581151342,0.19888360387391568,0.45279732056725525,15,0,4,1,1,0,1
29,45580.71652340672,0.15722522362918268,0.18582648585372022,14,7,0,0,0,1,1
43,50537.716779890616,2.4550068131504075,0.43911412045465,10,4,1,1,1,1,1
33,54167.65615895105,0.8719153692556543,0.08755286918647076,17,1,1,0,0,1,1
68,9165.30263151419,0.1181453854060028,0.30255530983062434,14,0,0,0,0,1,1
54,45056.452349588064,7.057314520714552,0.22692574261383391,4,2,0,0,0,1,1
39,36360.31504004403,3.0672735222690766,0.22079468487527212,15,8,1,0,0,1,1
46,29967.59980210169,1.707135864146678,0.0932182061227306,15,0,2,0,0,0,1
31,44377.994142280906,11.517086346607716,0.29187932762260266,16,3,1,0,0,1,1
45,85953.73053699045,0.6172771174893266,0.12935005514766454,8,7,0,0,0,1,1
22,62816.857225340194,15.608612740704872,0.19306595004172766,2,7,1,0,0,1,1
64,38576.42020434406,1.8841456774526313,0.3841686148129106,19,9,2,0,0,0,1
66,61451.65562712317,10.96433567784054,0.2900182703688738,12,7,0,0,0,1,1
47,77987.10873172004,4.618375603423861,0.19685360478657662,2,9,0,0,0,1,1
63,68492.67365825537,8.76386775688192,0.1316670998839262,6,7,1,0,0,1,1
69,51192.60739840348,20.679947980001412,0.34576405728229137,5,3,2,1,0,1,1
22,37061.26444588852,1.7012348244930584,0.35987407068966043,8,7,1,0,1,1,1
29,63964.4662722718,16.238368329798273,0.16974687545557585,11,8,1,1,0,0,1
33,57869.707708434995,2.467236648458109,0.20723311870103758,14,6,1,1,1,0,1
43,67903.86440055465,2.434828616049801,0.2979050442506653,19,1,1,0,0,1,1
43,62703.43603363939,2.080510688152398,0.12899233875418872,2,8,0,1,1,0,1
65,70991.05430638671,3.897967484469401,0.3257121702747576,9,7,0,0,0,1,1
38,39295.29576878864,0.837036899559433,0.11183973069886616,0,4,0,1,0,1,1
56,76347.88131268651,4.033948211457837,0.14440003664758458,18,2,1,1,0,1,1
53,53951.99209384799,3.901208940447564,0.007274704741306602,18,6,0,0,0,0,1
50,91505.21745250531,7.175360691532479,0.13863910240454763,12,1,1,0,1,1,1
47,36216.243638208645,8.968305238542268,0.0468492653975621,11,2,0,0,0,1,1
54,84719.27606330498,2.9030346577253274,0.20079260746707878,0,8,1,0,0,1,0
40,53958.21566925295,1.8000686241447332,0.17154965153338303,18,3,2,0,1,1,1
27,36971.63992771103,1.5010335452106864,0.05177184339479075,15,3,2,0,0,1,1
22,40322.28331891357,1.0822291355506095,0.27036668637481137,14,2,1,0,0,0,1
53,43593.0538361136,0.29687978904190404,0.5279243840181365,15,4,3,0,0,1,1
51,58483.31892803833,2.096156992084949,0.6678969467219104,10,2,1,1,0,0,1
69,60456.70976070999,1.5752505335258449,0.06144969359913295,5,8,5,1,1,1,1
48,38525.99992122842,16.968733912148302,0.3090567782564249,10,2,1,0,1,1,1
27,49512.90815478034,4.078934248270577,0.3527065663574891,2,1,1,0,1,1,0
36,92845.40717223728,2.1330124775855044,0.40359326057619216,14,4,0,0,1,1,1
49,84550.86340201422,4.343072618112863,0.21443261539524658,0,5,0,0,0,1,1
18,58726.47339348064,0.7494462875107238,0.34084369794317704,6,0,3,1,0,1,0
22,50760.069563364006,2.935328367214515,0.41236108761951057,0,5,2,0,0,1,0
62,52400.62653436523,4.920631028910057,0.5724359543433041,16,9,1,0,1,0,1
21,62270.35945460833,3.3559288548973756,0.2929788735913856,8,2,2,1,1,0,1
33,29544.148696031887,2.56897347427876,0.03928016313148428,12,3,1,1,0,0,1
41,44852.4692515331,25.455206319712303,0.22325775316575855,10,5,0,0,0,0,1
33,16628.318522448208,10.614450001233983,0.3399068359357701,19,7,1,0,1,1,1
19,57984.46245210558,4.8829374190340396,0.18368118718776022,5,8,0,0,0,1,1
66,62943.91879405482,4.212615601905684,0.3885662769655529,0,5,0,0,1,0,1
45,40336.27075401252,4.846618216599771,0.08462733526759525,6,6,1,1,0,0,1
49,81479.73526580066,1.1239251629289253,0.6434052833138456,11,4,2,0,0,1,1
44,25484.686739953177,2.513772608450984,0.17970506049704416,19,8,1,0,0,1,1
37,20712.502395803596,0.20129583182880106,0.0990454947431122,18,3,2,1,1,1,1
41,54489.03637119944,3.2269881452178977,0.1320147770620504,16,9,4,1,0,1,1
29,70941.9660522431,3.9156284187648724,0.4865241768823066,3,5,1,1,0,1,1
67,83678.55382915738,1.2922330272947287,0.14214708714319613,2,4,0,0,1,1,1
52,40822.3147426212,16.62518985949888,0.3203225821877145,0,0,0,0,1,1,0
50,71573.61666862591,12.009520086993215,0.5834896095027,17,4,0,0,1,0,1
50,49229.83060998585,6.403247667618976,0.12776866366844378,14,4,1,0,0,1,1
68,46547.45400118361,3.8112713153296625,0.5111639862554721,7,8,1,0,1,0,1
60,67673.19874973345,10.199918115913103,0.40875435210312244,0,0,2,0,0,1,0
54,63046.45756826839,0.7000608453811547,0.04062935717394039,19,4,0,0,0,1,1
29,18472.15686031501,7.815391457141175,0.43840097094062275,13,6,3,1,0,1,1
20,79530.80699451792,0.6666331477601193,0.44352682389611603,3,5,1,0,0,0,1
18,77601.82708294904,7.904511335870843,0.035930195465749236,4,5,1,1,1,1,1
50,37488.74596980941,1.6132144989567132,0.25996915860043185,12,6,2,0,0,1,1
57,57916.07066874818,10.481538129752245,0.2884957018176471,14,5,2,1,0,0,1
27,59880.60372565478,14.415777731750818,0.20906870283677964,5,4,3,0,1,1,0
60,55213.47531647814,0.8055171260730478,0.18510293303371547,0,9,2,1,1,0,1
61,38993.8969230916,3.105766397295583,0.07187748488844417,18,4,2,0,1,1,1
46,36567.53264123897,19.813261065714855,0.34772456456415163,12,8,0,0,0,1,1
30,49488.91858017109,3.302503962436906,0.009063576455491072,5,7,2,1,1,1,1
29,73454.58038518729,9.958894376326063,0.2707572855994038,14,9,0,0,0,1,1
48,60872.00309188865,4.4425452346212495,0.2061700110820898,15,3,0,0,1,1,1
63,42587.71335827788,2.352658106401821,0.23538928965900957,15,3,2,1,0,1,1
19,65433.974212966896,1.6828460953003797,0.37027859563450843,9,9,1,1,1,1,1
68,-6970.852412601511,1.135902764541932,0.20744051778707873,8,4,1,0,0,1,1
67,72975.31400744207,7.173185146084777,0.33200075489313624,8,2,0,0,0,1,1
52,15205.724424438005,2.4432052140118796,0.24355644163812606,16,7,0,0,0,1,1
40,42751.18117193736,3.5797813280703106,0.18292874408417037,16,6,1,0,0,1,1
34,27606.602107477123,3.3895737270445454,0.26544838867192205,16,4,0,1,0,1,1
43,24106.370485581883,4.305214805867751,0.3712972710645472,11,9,1,0,1,1,1
25,73216.5357475704,10.033824089565735,0.3393430997282359,12,2,1,0,0,0,1
46,40645.97597376217,19.748453956678414,0.01610866484751807,11,4,1,1,1,1,1
43,56930.07763461432,2.6177327012433342,0.3700401819965376,13,2,0,0,0,1,1
27,49061.58842241632,8.787338709486766,0.3093305217887315,9,9,1,0,0,1,1
43,59540.81654446243,7.230811982512932,0.034376929980175934,18,4,1,0,1,1,1
51,51536.43782120511,4.2610539792233135,0.4080696401915166,1,0,1,0,1,0,1
68,24340.155516228606,15.623188325989673,0.28691050458305856,3,5,1,0,0,1,0
58,69925.3363889428,1.1186843585222508,0.6273568756267822,18,9,1,0,0,1,1
24,40124.868336773754,0.5785371390988225,0.13000318586576287,6,3,1,0,1,1,1
21,18868.362026804978,9.619440954463931,0.36834962922318115,14,3,1,0,0,1,1
67,41437.69678068175,2.8915073097373822,0.20681781732201704,14,7,0,0,0,0,1
62,80015.19581268622,9.385569055162966,0.5017603426553671,5,1,0,0,1,1,1
28,67004.43484226985,11.178849196435586,0.25704534872496765,2,3,0,0,0,1,1
46,43026.957311842816,0.322466443437917,0.6041340990775811,5,1,3,0,0,1,0
53,43014.84591363143,10.747807940351615,0.07846811578243269,15,0,1,0,1,0,1
42,43567.298975652346,2.9739269933421237,0.29559458383927883,1,9,2,0,1,1,0
38,91534.95967121681,3.571164541230529,0.36847770164693944,6,2,2,0,0,0,1
53,57638.70904463107,4.92542496042651,0.39310715634519816,10,7,0,0,0,1,1
27,58600.83294382139,13.044369797823878,0.529186384271065,6,5,1,1,0,1,1
54,70605.66908063684,0.09650584682792922,0.30996582592299404,3,6,0,0,1,0,1
26,54775.78318053027,3.2393728196891165,0.0567761306426929,19,1,0,1,1,0,1
41,44819.15708358594,5.8193079906682925,0.15550031250253407,6,5,1,1,0,1,1
52,46073.003018300435,6.4134020877255224,0.0949941831727461,3,7,0,0,0,1,1
66,48567.97481171872,5.896928328555539,0.6594625321905624,11,7,2,0,0,0,1
52,49255.55526980317,0.7218647779765466,0.23492957049674604,4,3,0,1,0,1,1
65,64552.590872739594,1.7790593565488702,0.2024783509487901,18,5,2,0,1,1,1
53,51038.91771614599,2.2214106120466734,0.34119850118462985,4,4,1,1,0,0,1
35,64652.80154431159,8.159368813932607,0.3712930873250693,18,8,0,0,0,1,1
66,48385.668397828355,1.63391574588316,0.2579043518687058,2,7,1,0,0,1,0
56,51572.70380632181,1.1830754561812427,0.32843642335088175,10,1,0,0,0,0,1
49,10035.986309357846,15.78514434475004,0.4197319573933808,6,6,1,0,0,1,0
41,68326.55349404963,0.044513988361426185,0.13084133584036514,16,6,2,0,0,1,1
40,56929.76951795985,30.644114969520434,0.32750574850149805,8,0,0,0,1,0,1
49,69960.20219719305,5.647749272183766,0.3090666018759184,8,0,2,1,1,0,1
54,-7925.107563873782,8.81496508219185,0.4432956418443808,9,3,0,1,1,0,1
29,91767.49409561456,1.745088792524603,0.45195397183953334,12,4,1,0,0,1,1
66,47208.207436896526,0.0720936486900576,0.17662501625710236,14,3,2,1,1,0,1
30,72163.65633475033,6.694564392173502,0.06628959192412616,4,6,0,1,1,1,1
40,29201.881457489384,8.983194682467005,0.2660565893616861,2,2,0,1,0,0,1
42,62255.47810125139,6.744533017740471,0.350135842218205,7,6,1,0,0,1,1
52,28931.688736526878,0.7707134085511085,0.5160959312188699,19,7,0,1,0,1,1
58,37524.6207860839,7.000504618021271,0.1097055673936324,9,5,1,0,0,1,1
47,88280.62707733572,7.325016738640082,0.06263991629038376,12,5,2,0,1,1,1
34,46186.35198473307,5.372631236659405,0.13255741096760387,2,7,2,1,0,1,1
66,54348.657463594456,7.264648628462066,0.05832776626883096,7,7,1,0,0,1,1
37,67401.35461377508,9.351463373394024,0.32540251244543544,8,6,1,0,0,1,1
65,59913.63775945209,4.754464121564652,0.28860452011995313,11,5,2,1,0,1,1
42,53008.37810287153,0.4638928619745787,0.35318268862041563,10,5,1,0,0,1,1
39,57299.22004932451,3.343519918938111,0.13398942398866828,1,9,2,1,0,0,0
30,98068.31170476551,0.40414898287162665,0.4067854267970843,17,5,0,1,0,1,1
36,48847.62405932829,2.6173851741266763,0.15629445451515767,8,7,3,0,1,1,1
66,54021.98093429935,2.6137023652531557,0.29695838258246554,1,0,0,0,1,1,0
53,71013.08792015223,0.3414469028677538,0.6434014985611503,1,4,0,1,1,1,1
29,72110.51865915967,2.1448499864969035,0.14212150321881287,2,2,1,0,1,1,0
58,73740.6061112076,0.5882795243903626,0.16699735743790217,15,7,0,1,1,0,1
36,62774.604440583695,8.257428550377401,0.12969655149386994,18,5,1,1,1,1,1
29,27139.90174539033,14.752649925309992,0.1782872715496214,3,1,0,0,1,0,1
26,82668.63064602192,0.3753231686622788,0.1707652951825317,17,6,1,0,1,0,1
24,27073.092139626242,15.518281170343428,0.18526477559652793,19,6,0,1,0,1,1
45,56052.70930478066,3.6967577469438058,0.21893111788688133,17,4,0,0,0,1,1
31,34914.48299961284,1.7802733813930103,0.3382750971926416,9,7,0,0,1,1,1
48,48717.23306814015,0.3998831236978604,0.4604493989406266,10,4,2,1,0,1,1
69,56575.248206069606,3.471982483856968,0.30110227435041076,16,0,0,1,0,0,1
36,56427.14430900546,7.9119244509880895,0.24097964885512327,19,8,5,0,0,1,1
64,58438.415084705695,6.139389288918249,0.041859411542165034,15,3,1,0,0,0,1
33,82274.22538117295,0.2576561474802323,0.649237693775418,19,1,0,0,1,1,1
22,59070.6860302796,0.3784791202912624,0.2810720906179367,12,3,3,1,0,1,1
52,45116.867294187025,2.5781296560804385,0.29134280698889403,1,8,0,1,0,0,0
29,69281.74336576715,1.749848046900245,0.5462926117906662,1,1,0,1,0,1,1
42,73789.40977849282,1.3223304586627975,0.18968961415942878,13,3,0,0,1,1,1
69,25447.843697260152,1.649500892277558,0.2485969038960578,3,1,2,1,0,1,1
38,61948.00139699716,8.13502515578358,0.4392210898888791,16,4,0,1,1,1,1
53,64023.45484621797,13.24146297271714,0.46360692555333594,12,2,1,0,1,0,1
40,44048.72993280016,2.596832420887668,0.2672577269945208,3,9,1,0,0,0,1
33,77514.13626623238,11.82821034121445,0.2819303733536357,2,1,0,1,0,0,1
56,46998.88825934946,1.9393223202862477,0.5692730228078995,11,8,0,0,0,1,1
62,52511.52906943084,3.235489429947621,0.2236700886792262,7,4,0,0,1,0,1
59,46538.56351432261,1.2811043548639431,0.23061271313703677,1,9,1,0,1,1,1
56,50311.58095162935,5.114872309857724,0.3531544202561912,5,4,1,0,0,0,1
31,28074.498262095964,19.31166983988161,0.23214236376262243,9,0,0,0,0,1,1
48,21198.982348114114,4.62530912905048,0.23843899928388845,11,5,0,0,0,0,1
22,81890.10126449945,2.214387143033421,0.36526332118874694,9,6,1,1,1,0,1
52,33060.77303363344,5.218028092377419,0.4133211757037022,9,0,1,1,0,0,1
40,30172.153010873855,0.6557892212615534,0.1412777499469272,2,8,0,1,0,1,1
46,6932.197727925704,10.975792178331531,0.2789410612672031,19,7,0,0,0,1,1
60,37220.765046209955,3.496670911016173,0.4770180100982217,9,7,1,1,1,1,1
28,23538.204131850034,2.983277059530509,0.361797462056256,8,6,2,1,1,1,1
35,82840.30320272737,4.407813802699802,0.2961979733556478,19,4,2,0,0,1,1
64,70196.34178685269,4.901265265759135,0.3462252555015791,18,2,2,0,1,1,1
29,36236.99309644553,0.37240993627832486,0.10846004019288348,13,8,1,0,0,0,1
26,95048.71610688618,5.7382336476219,0.22690828159919452,1,6,1,1,1,1,1
27,69635.3097398319,1.3849088294575522,0.15051581206901055,4,9,1,0,0,1,1
61,43503.37232982755,6.2579893063476675,0.29450633404439086,19,9,2,1,1,1,1
34,11.885702528539696,8.644903569908596,0.5362160322633829,7,7,0,0,0,0,0
55,95818.85145181484,8.147144729977397,0.13751560636675203,6,5,0,0,0,1,1
24,22208.550664728078,4.020404515374513,0.26431929318681086,5,4,2,1,1,0,1
63,17092.025060862165,3.671615900233151,0.16674076091080736,10,7,0,0,0,0,1
30,70451.4086401928,0.7708631748212545,0.12875606452853877,11,2,2,0,0,1,1
57,98795.04812678546,7.465972538187141,0.3268563949085386,17,6,2,1,0,1,1
59,77685.45637021036,1.5832163455430326,0.11576307637312196,18,1,0,1,0,1,1
26,61278.18240104719,3.432798854498613,0.3384170503055753,9,2,1,0,0,1,1
67,61895.086833305715,1.6722899833187106,0.3598383820137326,13,1,3,0,0,0,1
44,67068.31117560616,0.718360974536481,0.17378302708345014,2,4,0,0,1,0,1
19,65178.571795735304,4.965287867379612,0.2783028816737725,17,6,0,1,1,1,1
22,55623.828479387514,0.27931879862958187,0.6741949637316157,14,9,1,0,0,1,1
46,52084.022079037524,6.904449639590402,0.0363521567719536,5,9,2,0,0,1,1
54,48748.13744200955,1.9105996627694828,0.22449436638611184,9,0,0,0,1,1,1
55,34920.70822266648,0.0006735103820133685,0.5983467250653779,11,9,2,1,0,1,1
36,44386.49846266452,3.5782845640222263,0.34663607642548144,6,8,3,1,0,1,1
25,16140.863716092288,0.23992496180626088,0.4031675737816288,16,0,0,1,1,0,1
65,48033.207464105,1.6159905495488984,0.5280499551515648,0,0,2,0,1,1,0
62,30228.17785698165,6.137512127966616,0.4599431294093182,17,9,2,1,0,1,1
18,27928.213655684584,0.32370402329413395,0.3354609478388799,14,7,2,0,0,1,1
39,53597.88302306957,9.142277821073932,0.3901195855163728,18,5,0,0,0,1,1
69,77840.04572689199,0.019136185981980285,0.14652283416598802,0,5,1,1,1,1,1
34,68366.33212004625,1.4172808654574776,0.23358324898373145,4,8,0,0,0,1,1
24,18589.98792753646,6.752784231555521,0.5355852061194166,14,3,4,0,1,0,1
42,30207.43726859325,1.9009619755987486,0.5458906890817872,2,7,0,1,0,0,0
62,68815.42375976432,0.5373269137189676,0.29324689662939285,0,3,0,0,0,1,1
21,30350.25212923381,2.23326333782404,0.2606005376897788,7,1,0,0,0,1,1
53,45507.33700005951,1.5762481924437801,0.14618807443405762,11,7,2,0,1,1,1
23,61001.041980491034,9.248380685685145,0.38358291962866264,18,6,0,0,0,1,1
48,30633.110902727294,1.8796377264691988,0.03720628790873445,11,3,1,1,0,1,1
36,52107.5101229192,7.777885788656754,0.15265935678690293,12,8,1,0,1,0,1
61,23319.49010163591,11.122204538520142,0.32909401726592674,0,8,1,1,1,0,0
56,37972.64712097573,2.8441933627164815,0.30340905103521687,18,7,1,0,0,1,1
44,56395.63868285074,12.036570365805982,0.2662427753170681,5,0,0,0,0,0,1
27,18140.125329366616,2.3685970527975804,0.23935286409338105,7,6,1,0,1,0,1
43,58809.49475920798,16.63208476084358,0.06726024683917943,3,4,0,1,1,1,1
36,49607.24402146637,0.46765120906180757,0.5421148900980919,4,6,0,0,0,0,1
56,61049.79908834296,5.808068223299942,0.166930655302071,6,8,3,1,1,1,1
20,54478.28268129323,3.404255841155766,0.3125025751898585,3,1,1,0,0,1,0
62,77282.80859947688,2.4522465688125656,0.5754859263203815,19,3,0,1,1,1,1
30,52504.49005295814,5.008043337026638,0.42508896579516403,3,3,0,1,0,1,1
67,41411.889177494944,6.084565713175621,0.6034669008975112,14,1,0,1,0,1,1
45,52445.95006064568,0.021864082458732063,0.1644219334624456,4,2,1,1,0,0,1
37,60865.960580727755,0.913326611856045,0.2086997984846618,8,7,0,0,1,0,1
45,50977.20140651408,6.242167656343332,0.48071818860732274,1,8,0,1,1,1,1
25,50811.83382407765,5.488844425837361,0.25076845023001687,6,5,1,0,0,0,1
58,35960.16624386489,16.913964705202705,0.13701348082005577,16,9,1,0,0,0,1
56,36741.98164898103,7.157249288783703,0.6245064211462499,15,1,0,0,0,1,1
18,21947.89456400613,15.056535441884396,0.19181205542314084,16,1,1,0,1,1,1
20,84991.53486373878,6.062386014385437,0.2992083215716564,19,6,0,0,1,1,1
30,25122.735292174297,1.7694812450163242,0.26848915928564887,1,7,1,0,1,0,0
45,36141.896044081856,0.5566968910601795,0.3144923311622377,10,7,0,0,0,1,1
66,35631.85468861605,7.612262880572404,0.16635921230399522,1,5,0,0,1,1,1
42,67898.48753888882,5.166218987260125,0.03517978079936163,0,9,0,0,0,0,1
50,44101.00643415944,0.24692827225770997,0.3458810311827689,1,7,2,1,0,0,0
55,74954.84145347468,2.231829793538785,0.3484719423435887,8,0,2,1,0,1,1
23,36530.18751512263,15.709552562720573,0.08214105244379034,1,8,0,1,0,1,1
61,55579.88324447604,3.4697489699417523,0.21571526754008652,14,0,0,0,1,1,1
62,33293.05893480485,2.8345918753627455,0.08269297157896618,9,2,0,0,1,0,1
49,92902.98255546777,3.0596759852499944,0.4167176195864318,14,8,1,1,0,1,1
62,26248.031619409743,1.1715452962629789,0.08798265186203791,9,4,1,1,0,1,1
64,56196.414204540546,2.2999272627958507,0.3530655050389947,16,8,1,1,0,0,1
38,62675.537618641974,2.308695422260187,0.38241656334813184,8,8,0,0,0,0,1
33,58275.98194902996,0.26887670368048905,0.2537913909739236,17,5,3,0,0,0,1
38,46294.246822445835,7.295779858065249,0.6066784600310963,3,0,0,1,0,1,1
28,47403.586005331475,2.693592113318849,0.019293773873010477,8,9,2,0,1,1,1
54,50876.229439582195,8.63491419891449,0.4187109793560707,15,6,3,0,1,1,1
53,47059.95996743023,9.497213438694287,0.3403779918999732,3,5,0,1,1,1,1
52,69277.58233589819,1.1912482217703124,0.4848744923943458,15,8,3,1,1,1,1
36,94210.46003182702,5.355279617356548,0.6146509543014494,18,6,0,0,1,1,1
37,38850.16429984333,3.195964288803716,0.28244542696617414,0,3,1,0,0,0,0
35,22603.940408418443,10.607852696511799,0.23873026417379783,5,6,1,1,1,1,1
64,48234.359032974906,1.2150777348314863,0.5366935287842728,9,1,1,0,0,1,1
58,101594.18675308637,5.6631188919172235,0.16882476789617254,15,5,1,1,1,0,1
66,33926.50864060538,4.679306489215451,0.421936365707615,3,5,1,1,0,1,1
31,82782.33610888134,1.7499259769507949,0.32649520209421795,12,1,0,1,1,0,1
32,83554.0162815288,0.7343912124034377,0.5665498107719812,15,3,4,1,0,1,1
48,38928.23516584011,5.272590817927142,0.0714647231169887,19,7,1,0,0,1,1
18,61379.66158370551,6.7084687689273546,0.061517378481216155,5,7,1,0,0,1,1
20,82567.93246257075,1.8962634533008838,0.2076698374564722,10,7,0,0,0,1,1
33,42417.44518025026,5.175830313402491,0.27820649078075316,2,7,1,0,1,1,0
40,45928.392797952765,2.5137161029068373,0.38762730112288585,19,0,1,0,0,0,1
28,38366.38172102712,6.2449708541637525,0.13732166561977882,9,1,2,0,0,0,1
29,29704.86538614266,1.110815628530355,0.04255493968319861,0,3,0,1,1,1,0
27,37014.449098679856,11.046156976364959,0.7027228461514909,19,8,0,0,1,0,1
49,25521.19466475487,1.6942424636730937,0.20317663544645967,10,2,2,0,0,0,1
33,50681.66936518452,2.2926365759416947,0.46368862189199295,11,5,0,0,0,1,1
25,34600.53537882716,0.2992381142185304,0.12020468764069948,13,6,1,0,0,0,1
55,54675.71823581495,0.5911718817835567,0.22828599728377968,7,7,3,0,1,1,1
29,18882.087075927455,3.6269254399420303,0.08954028761679939,10,6,1,0,1,1,1
41,56617.60464428914,1.5570923361286229,0.6489173234820785,3,2,1,0,1,1,1
45,66670.5792321785,9.023622538735031,0.18626639539481818,6,5,0,1,0,1,1
25,10125.28714857089,0.07401202847220853,0.06984079086096595,9,4,0,1,0,0,1
45,57481.131396951445,2.3828782782735356,0.5452485679678547,18,9,1,1,0,1,1
53,74553.37984946584,2.057508056708215,0.20766620943513778,3,3,0,0,1,0,1
43,25807.17962617589,0.09758425834938557,0.5846635252330284,1,0,1,0,0,0,0
25,83451.44773675407,0.6640491165229435,0.3427464554989851,17,6,0,0,0,1,1
67,58380.3801873209,2.669129527378727,0.28745988068587547,13,7,1,0,0,0,1
45,35899.76288483183,3.39488609616996,0.42033422198834225,15,1,3,0,0,1,1
45,48884.61844684588,2.5900044161986098,0.15739539363225663,10,6,0,0,1,1,1
54,61166.538250434445,3.785098187566613,0.1947627208764054,9,5,0,1,0,1,1
58,51520.10782824823,4.520966939817584,0.3006972383626088,16,4,0,0,0,1,1
53,60775.11984892738,0.049866952290763586,0.41727790375865326,13,3,1,0,0,0,1
44,31586.528138412676,3.1189933498330946,0.27909865689419444,3,1,1,0,1,1,0
34,53387.21648072156,16.55211110504819,0.044377672256745285,18,9,1,0,0,0,1
26,21725.710061900398,3.6597756079241277,0.3086928661865369,1,5,1,1,0,1,0
50,47775.47877302599,5.658916066119483,0.21988137682584608,6,4,0,0,0,0,1
37,31921.847170704204,1.8688428984494019,0.2779642391875149,8,1,0,0,0,0,1
30,35289.40114820467,7.435910653354988,0.24802811702810665,18,9,2,0,1,1,1
45,74721.86350420874,7.4122971324483995,0.2439313657508924,15,6,0,0,0,1,1
65,71826.20241188537,3.683364631013783,0.28669068665997793,15,5,1,0,1,1,1
46,62182.76241814354,18.651387922679223,0.45677590314148764,17,8,0,1,0,1,1
30,28153.74470654842,0.6708020364218745,0.11575628162141428,10,9,0,1,1,1,1
63,43671.83100610396,0.085464600292336,0.21332273652689307,6,4,0,1,1,1,1
52,74261.95399958367,7.351820419798914,0.10900919371050445,8,8,0,0,0,1,1
23,52834.33827279809,8.22935654032973,0.20700143984835262,3,8,0,0,1,0,1
35,96386.59079963388,0.6403444343923532,0.27856890114410343,12,0,1,0,0,1,1
68,57866.35678788744,1.5433903217401743,0.1169248202694525,3,4,0,1,0,1,1
22,53840.98232980063,0.08854116353232501,0.31549142985616624,18,8,1,1,0,0,1
64,43817.67071594997,1.735806079258283,0.3162212044643837,1,6,1,1,0,0,1
42,52670.81809564565,7.41715226064056,0.13422725697303833,8,5,1,0,1,0,1
19,46950.603272389126,3.64864637786035,0.22304193248192541,11,5,1,0,0,1,1
27,64162.17353377181,2.139286715466708,0.043855712182668656,1,6,0,0,1,1,1
47,69134.04633589167,2.3240003157968268,0.1366266134402893,5,0,2,0,0,1,1
67,34280.21078984101,0.006772713471739074,0.1935168773138802,4,3,1,0,0,1,1
62,23375.340928844438,1.7819501195560352,0.1753686069103065,4,0,0,0,1,1,1
22,13275.892537934065,5.198775432802587,0.05910023636451087,19,5,1,1,1,0,1
50,60159.82653825087,18.285827271425898,0.10248072450369504,4,3,1,0,1,0,0
18,27932.667876522526,9.388574993123456,0.22215603808345902,3,0,3,0,1,1,0
35,6942.18814095034,0.1193889170775825,0.5000285008772033,8,8,0,0,1,1,1
49,57771.57209061928,11.441468746111294,0.4009126906691318,9,3,1,0,0,1,1
64,99859.99034865582,7.643863453550762,0.2714066205793128,15,5,2,1,1,1,1
66,49878.58176920213,7.579194241744998,0.36171810344678385,9,6,1,0,0,1,1
28,66769.81548903283,3.0624072642822298,0.525270632394125,9,7,1,0,0,1,1
38,51636.5871709513,2.5375331299759782,0.09372930398294126,18,8,1,1,0,0,1
43,48022.20693617715,1.804244849911565,0.5416592873103925,9,8,1,0,0,1,1
42,68381.52965975537,0.33976095317135435,0.37596276335834095,5,7,1,0,0,0,1
39,44194.509116226975,1.2953782521651376,0.4574049041565562,16,9,1,1,1,1,1
44,55347.84628143806,1.4158190425046666,0.10113053816123027,4,2,1,1,1,0,1
66,56433.956123920274,3.308989422796835,0.1982753755768706,5,1,1,0,0,1,1
30,36638.190927139025,6.880619413033578,0.4417852325659172,14,4,1,0,0,1,1
50,69840.84699073045,3.2104629430782743,0.2546060207547748,18,0,1,0,0,1,1
51,46500.80486609183,0.29792445031242043,0.23121024686283925,17,2,0,1,0,1,1
58,34885.096810143106,15.825467021983783,0.5268198911496275,3,0,1,0,1,1,1
52,60730.19687140807,14.299395811760219,0.23330830747946868,7,2,0,1,0,0,1
18,32030.640364179253,7.689996178639589,0.31115695134245586,15,3,3,1,0,1,1
38,50563.62314738257,23.738222416799715,0.524666091044456,18,6,0,1,1,1,1
65,49817.62006711593,3.931603883231449,0.559748196328072,19,4,1,0,1,0,1
23,71717.91131663157,16.4529803989145,0.13000533513897383,2,4,1,0,1,1,0
45,59493.964657599055,0.39307926724584913,0.2266906582078569,9,0,3,0,1,1,1
34,49499.46082509712,2.276014498231384,0.39422686523611117,1,7,1,1,0,1,1
22,66355.32598400574,1.2769216469929554,0.5965756479476296,3,3,2,0,0,1,0
48,77804.15098034627,1.089742122761541,0.1326139166973097,5,9,1,0,1,0,1
22,61156.20612703724,0.758784936855425,0.40259383540597493,10,4,0,0,1,1,1
55,50207.05239686761,4.8697798619599055,0.23855608755377553,13,1,1,0,0,1,1
20,23763.27535299681,7.600771455615799,0.5207941326840836,15,0,0,0,0,0,1
40,28697.726738492547,4.3172866134791335,0.14495928591700527,18,8,2,0,1,1,1
54,43895.50591290665,0.7947600783391258,0.5300851166238831,1,1,3,0,0,1,0
54,37809.75595681433,8.333316729073271,0.3911389771858987,16,5,1,0,0,0,1
27,46260.57394029108,5.052384941086984,0.21296874618134354,8,0,1,0,0,0,1
27,51132.99849794214,2.4564689738889043,0.06885748190542336,16,0,1,1,0,1,1
36,60593.855087134616,5.60628828533534,0.3495093655024614,14,8,0,1,0,0,1
34,48590.024438818175,1.5048834729935856,0.2538970213381382,6,3,2,0,0,1,1
38,59730.03287652404,2.117067672469814,0.049966501551172604,18,8,2,0,1,1,1
31,51289.488296202406,12.473927009813524,0.5390471040258038,2,4,1,1,0,1,1
26,10490.668672922577,1.71600566445232,0.2180087472010178,0,6,0,0,0,1,0
63,31213.292123624913,3.174280685649471,0.5118208698936791,3,0,0,0,0,1,0
18,47118.24888556769,11.042794021308753,0.36383550059999703,17,5,2,0,1,1,1
68,25806.10514317785,6.150238259218661,0.5445112071782316,7,7,0,0,0,1,1
62,61998.57459992409,0.32111006237036377,0.021424560859513445,18,0,0,0,0,1,1
30,80615.01664687395,0.7967553170232788,0.30393615862501594,5,8,0,1,1,1,1
21,74375.23703394634,0.039362488619868075,0.6520465348706161,0,2,2,1,0,1,0
18,45731.14258139584,4.983733534007458,0.14106139002088292,7,0,2,0,0,0,1
66,79814.52273699903,2.9680789350511687,0.2987765014304245,0,0,0,0,0,1,1
57,52973.34914404223,0.7209390029505175,0.09442851918802522,18,5,1,0,1,1,1
49,43258.28057763921,15.842591716576111,0.6359035595895273,10,5,2,0,1,1,1
51,37731.9467291812,3.7714942731423133,0.21821606088093304,14,0,0,0,1,0,1
45,43950.60627023743,1.3846556515460238,0.31548241620622397,10,2,0,0,0,1,1
48,42236.46362917543,3.4717752602625778,0.2607079261211888,18,6,0,1,1,1,1
25,53408.32444750975,5.691242631366281,0.4224273898295277,9,9,1,0,0,1,1
56,53211.47962099729,0.39651067385025407,0.17082926524558278,11,2,0,1,1,1,1
43,50060.92040306829,1.6058758829254645,0.2565863199801682,0,2,3,0,1,1,0
51,58738.763394926995,8.22443151175426,0.2651574433650202,6,2,1,0,0,1,1
20,73812.92549572683,3.0778286077867363,0.06069065270309632,16,6,1,0,1,1,1
67,68991.08270882648,3.9546506380290176,0.03981419539660806,9,3,1,0,0,0,1
29,20302.040631001928,2.8353575840115566,0.3354249355384948,5,3,1,1,0,1,0
18,-1078.4226980390958,0.22446354450078515,0.04610898882254193,16,2,0,0,1,0,1
61,68686.39822478547,0.9061094871259683,0.22876947246039814,17,9,0,0,0,1,1
22,22662.42603169158,2.9488178371113802,0.12774179627077423,4,8,3,0,0,0,0
47,45504.69196214633,1.17345904124512,0.2880155464028137,17,1,2,0,0,1,1
47,26597.73947881281,0.2563560976806342,0.41482868396751027,16,3,1,0,1,1,1
34,13960.391248399603,9.278280231937154,0.412519320532224,15,7,0,0,0,1,1
65,60829.25456409576,19.867505515976198,0.32382135747885105,7,5,2,1,0,1,1
64,65183.10320605294,7.878634682838712,0.31353705931765424,12,6,1,1,1,1,1
40,38469.791985465614,9.613383011347391,0.4400307639755862,15,6,0,0,0,0,1
32,-1820.8458428981976,1.3852086135460566,0.3212658186958191,10,1,1,0,0,1,1
54,39075.11103495034,16.17337177429394,0.18063380661030148,5,3,1,0,1,1,1
38,57836.080108050926,1.096540234206891,0.04570184569445863,2,9,0,0,0,0,1
31,20421.768624517426,15.123726591010257,0.48569234685371127,0,9,2,1,1,0,0
19,53667.19839558311,26.314069659946476,0.6518362739185918,17,5,5,1,0,0,1
28,49693.80301654009,6.219163908423409,0.19314955151795596,4,2,1,0,1,0,0
68,61585.82999202177,19.85454944713223,0.20605113739292036,12,8,1,0,1,1,1
56,52391.60736828307,4.214501812797032,0.04119536324293344,9,3,1,1,0,0,1
55,30538.62118236889,1.5024303624615976,0.2056788360416841,4,9,1,1,0,1,1
51,73931.43003328983,2.872341714964048,0.25109787232048447,13,1,2,0,1,0,1
55,46829.4085394606,4.501606318808089,0.13708514515114265,16,5,0,0,0,0,1
67,49453.909209801364,0.3794485110692194,0.1302740052424783,0,0,1,0,0,1,0
51,31334.640818536078,4.868848016974755,0.27226555093312327,1,5,0,1,1,1,1
35,41134.354976169794,19.86360103937694,0.24611140006925436,6,9,2,0,1,0,1
47,32303.945719461983,1.0542697055766685,0.1412021092298885,9,0,1,1,1,1,1
32,46541.07880153154,7.865412180781225,0.4861145992171175,19,7,1,0,0,0,1
44,84234.16960284687,11.924336194756286,0.014780399990921697,6,4,3,0,0,0,1
68,22561.977141372874,14.38544517946248,0.4539745004458399,15,5,2,0,1,0,1
51,17728.772042465178,16.111358472240994,0.14232334105250088,4,1,0,1,1,1,1
69,79423.40654987218,3.685073610284772,0.24148516808347148,11,1,2,0,1,1,1
55,45813.526456962674,18.92869392429678,0.33406224991965594,16,8,0,1,1,1,1
50,36618.54522680167,7.079856118620867,0.2810880917112684,15,2,1,0,1,1,1
41,70798.09374792152,0.8817258724042814,0.2061293731635253,19,5,0,1,0,1,1
32,37887.689205262715,3.2399141606916015,0.18514483032691872,15,9,0,1,1,1,1
47,86520.19427093872,6.33511639460626,0.24593288911295919,18,4,1,0,0,1,1
59,63558.51742678538,1.4207104998989795,0.4382524363063503,14,3,0,1,0,1,1
68,40241.77183708595,5.116807762306764,0.3490695177338801,11,9,0,0,0,0,1
34,93146.16426531007,5.492068727594814,0.11797091530700014,9,1,1,0,1,1,1
22,37885.70153993323,0.887862718992548,0.5547513375151625,1,7,2,0,1,1,0
46,64841.90744018614,4.16302693854329,0.07677377226121533,6,9,1,1,0,1,1
21,55985.85160812984,7.38387316020698,0.4839746396768906,12,6,0,1,0,1,1
27,76034.82578797596,3.45470472579968,0.36769343785541203,2,1,2,0,0,1,1
34,81230.22393453706,0.060884779438501666,0.08133912099374865,14,5,0,1,1,1,1
27,50640.08298131533,0.045397819254521424,0.45553429315943345,0,7,0,0,1,0,0
34,34931.64259307633,2.2082809591005335,0.3740042746314323,2,6,0,1,0,1,0
37,59199.44285878233,13.03158088526201,0.34039059318099796,9,0,1,0,1,1,1
41,36445.692604957876,1.2982388548195847,0.1467751624799286,14,4,1,0,0,1,1
22,90267.74495053246,5.0305806252761,0.26731000106425495,5,1,2,0,0,1,1
51,52730.70662165475,1.2556313986525485,0.16045474274024674,19,5,0,0,0,0,1
23,42693.56897375783,1.9406068427327785,0.30505491860505535,14,6,0,0,1,1,1
19,53693.60611729817,9.420758508770627,0.10389755243693713,6,6,0,0,0,1,1
30,23057.47420940607,6.525626528131986,0.5856177790771253,4,2,4,0,1,1,0
60,30567.71922978697,0.501308115183345,0.28277292831949336,3,6,2,1,0,1,1
60,74008.27815888851,2.799221753900893,0.21349160042160203,17,4,0,0,0,0,1
65,36862.114420572085,0.14801829901126068,0.3559589768372399,2,7,1,1,0,0,0
28,29061.780346361207,3.2781987731790285,0.5734595733853664,16,7,0,0,0,1,1
68,60733.05505054572,5.429971334477727,0.1639735907199302,17,6,2,0,0,1,1
64,73714.08309325993,0.630666267184792,0.41380820189462775,17,5,1,0,1,1,1
40,64379.06621330133,1.7046051616351723,0.2933154218576188,1,1,1,1,0,1,1
33,69920.95371611633,2.5361324214142518,0.24207956740808184,12,5,3,1,1,0,1
48,34864.09822861078,12.59941784148555,0.027126752195815736,14,8,0,0,0,0,1
28,21563.786665163127,24.994780379511752,0.3306799193500325,4,1,1,0,0,1,0
33,80026.67303910974,0.2297553109084137,0.40271808547001314,2,0,1,0,0,1,1
25,43546.403223157286,7.156624401502873,0.49027942323195844,4,4,1,0,1,1,0
21,44983.339670899055,2.323879121527445,0.4097408355054224,4,5,0,1,0,1,1
57,76563.88283698115,2.4916713844208656,0.23165967049274275,4,2,1,0,0,1,1
21,61124.600188013195,7.017507254976709,0.13816533619505017,2,7,2,0,1,0,0
42,59117.75544163215,12.531249964185863,0.031426297406720205,2,6,1,1,0,1,1
20,93300.04689802168,15.07239393293603,0.42131836858830984,19,1,2,1,1,0,1
49,37129.63539239714,4.303364717227319,0.33242093563212066,17,6,1,0,0,1,1
20,68556.80256162475,2.20899500324707,0.26139806288100587,19,0,1,0,1,1,1
44,51140.26249794169,7.745221547885493,0.13597794871736024,3,8,1,0,0,1,1
46,55371.845577265136,1.445090711393864,0.05855693160632409,0,6,1,0,1,0,0
49,80569.36852825063,4.151414204758868,0.6014318584295841,15,5,1,0,0,1,1
67,60156.71512579247,2.2203420593832677,0.542582950337692,7,1,3,1,0,1,1
68,60765.92158099266,5.344749114938969,0.6298113016787912,16,2,2,1,0,0,1
36,71450.14674619604,1.3748093444425482,0.5844102972718348,7,0,2,0,0,0,1
38,42700.945409142296,1.063447836422213,0.2623930633446406,6,9,0,0,1,1,1
22,33215.80665321987,12.519779908948435,0.13723390477446187,7,4,1,0,0,1,1
35,29103.81611957933,0.5368330935189589,0.21205340635920894,11,8,3,0,0,1,1
45,10672.868212479967,3.5256727920490882,0.14378316666901567,15,5,0,0,0,0,1
59,91124.14259880644,1.2477763444526255,0.16497031625303862,11,4,1,0,0,1,1
39,27935.832685566336,0.19853996856933326,0.35072344799765787,18,2,2,0,0,0,1
38,45574.92752828456,0.1834175280566355,0.1236767140023194,9,4,0,0,0,1,1
23,44463.73400222159,0.9632037172916342,0.3001301290644164,6,7,1,0,1,1,1
18,56148.13395618201,10.078404909353614,0.08817666749276759,11,1,1,0,1,1,1
22,66314.74425078594,1.6597635333402472,0.2813573235923288,19,4,1,0,0,1,1
58,67209.46976719491,15.024790562678799,0.2627604540410931,4,5,1,0,1,0,1
29,38338.45122862123,4.356853245869319,0.5717220352780182,15,9,2,0,0,0,1
43,46657.56572427177,2.8689530490754382,0.09787928660380361,8,7,1,0,0,1,1
63,55651.599009765996,4.338560505970516,0.18090841061389792,6,7,0,0,0,0,1
51,45026.17747632906,3.6355717949754327,0.19189297244548909,19,4,0,1,0,1,1
66,82146.91152039985,7.110151842746742,0.4378854504808222,13,8,1,0,0,0,1
31,59819.49903276503,1.6598842419936322,0.27657048229760856,10,3,0,0,1,1,1
43,64697.55572099635,2.1774343626131327,0.3600801505110385,6,8,0,0,1,1,1
62,63257.62537334825,11.226031136902604,0.29820374710933634,9,6,1,0,0,0,1
44,73469.4771497065,14.636305584720752,0.11032125402614003,8,5,0,1,0,1,1
26,53620.43117407414,11.154031145986536,0.1518890752929192,3,3,2,1,1,1,1
43,24063.36104088307,2.71887946748747,0.390328238498523,15,1,0,0,0,1,1
64,57993.75903505283,7.578952457757636,0.33110688613123673,9,7,2,0,1,1,1
39,36972.86212416342,3.2345225620584084,0.2008776114080248,18,5,2,0,0,1,1
64,39427.666365004865,3.441194749736848,0.04897961730116127,16,2,2,0,0,1,1
47,61727.280375101866,1.1450543335802255,0.12330677773666152,8,6,1,0,0,1,1
60,74765.66142867271,4.471793817869971,0.3349205797884951,12,9,1,0,1,0,1
65,50425.43153472123,1.0298093873716538,0.1397202806821597,0,6,1,0,1,1,0
34,56176.66025197928,2.014078347864592,0.5791007161606667,1,5,1,0,0,1,0
43,84044.29889270476,9.656149226451774,0.7419448036885942,12,1,0,1,1,0,1
53,54815.063589771366,1.1601382995655154,0.229838746712316,8,7,0,0,0,1,1
18,102033.6622836079,0.36908468501513136,0.4154026027994106,6,0,1,0,0,1,1
25,61310.19291263088,0.35752078534477316,0.3325062048861093,15,0,1,0,1,0,1
66,14784.744816883649,14.13286146641773,0.426517797894386,18,5,0,0,0,0,1
52,65066.83242209065,3.5354236725789976,0.6609010846342681,6,4,0,1,0,0,1
69,57623.167697655554,2.6331837490083188,0.2930990674380786,5,8,0,0,0,1,1
32,75795.05508165491,8.326830208309165,0.013338125594690553,17,6,1,1,1,1,1
64,63463.62702539917,9.034139994404848,0.33712256543589203,18,1,3,0,1,1,1
39,47230.880320324526,2.018765620314438,0.5170278545537692,10,6,0,1,1,0,1
31,25514.035274212685,5.914613885831744,0.057227944692269175,11,2,2,1,0,1,1
43,45819.534854279496,7.37284866529631,0.6068938944826024,9,0,0,0,1,1,1
45,32989.590915814,5.315994361736102,0.6435601389477845,12,7,0,0,0,1,1
40,38389.53100390555,0.8219862551402466,0.44023672812312487,11,2,1,1,1,1,1
31,61771.56808841219,10.43265641370974,0.07909472550479474,9,7,1,0,0,1,1
41,83398.09008702813,3.872811802854619,0.26411880581258146,19,6,1,0,0,1,1
19,57893.43059645962,1.6597195097022186,0.1450596760975019,17,1,0,0,0,1,1
62,26082.33875929631,2.7689108059388405,0.34464245759930123,3,0,3,0,1,1,0
43,58892.05336440282,0.19147537851351137,0.12057825936537216,4,6,1,0,1,0,1
31,73932.62973291302,0.68406557923332,0.5177780423520806,4,0,2,0,0,1,1
68,37804.341913612356,7.252495367560702,0.2290506178869762,11,5,0,0,0,1,1
24,47319.65666654165,5.817411525216162e-05,0.21150460958675008,2,9,0,0,1,0,1
20,50293.76389458394,2.6941182510663553,0.19627872082327022,7,9,1,1,0,0,1
64,34302.033738355196,3.6960622046693654,0.18236175387586814,1,7,0,0,1,1,1
40,62965.60867687718,0.2809178457824846,0.2522517475269617,17,6,0,1,1,0,1
63,47581.037027844366,18.074087681393877,0.04065240918944571,8,3,1,1,0,1,1
60,58390.64887814056,1.281726725915564,0.3578187963663263,12,0,1,1,0,1,1
64,32250.156443958,1.813455880670851,0.15550326169247852,6,0,0,1,0,1,1
62,41250.83399353179,1.811615123619793,0.4235698184514463,9,3,2,1,0,0,1
35,64447.62715655543,1.3095301511269732,0.44685219369483503,8,4,2,1,0,1,1
55,42543.33695816466,0.00737454615192529,0.4449458737235301,14,6,0,0,1,0,1
