age,income,employment_years,debt_to_income_ratio,credit_history_length,num_credit_accounts,num_late_payments,has_mortgage,has_auto_loan,has_credit_card
39.0,70583.11274651287,3.1865492202196304,0.1195934956640864,7.0,3.0,2,0,0,0
53.0,27869.481825166597,11.996592748268403,0.1411241998676989,8.0,2.0,2,0,1,0
59.0,62854.45519735088,2.3464425212038997,0.4777410693154099,17.0,3.0,3,1,1,0
68.0,22561.977141372878,14.38544517946248,0.4539745004458399,15.0,5.0,2,0,1,0
32.0,83554.0162815288,0.7343912124034377,0.5665498107719812,15.0,3.0,4,1,0,1
45.0,77112.75717609902,15.172079312156558,0.6081731927673873,17.0,9.0,0,0,1,0
25.0,16140.863716092288,0.2399249618062608,0.4031675737816288,16.0,0.0,0,1,1,0
45.0,52128.60455383794,7.871667216087371,0.1068665371877108,13.0,7.0,0,0,1,1
46.0,80067.96603534301,2.4242197239737098,0.5502437465751491,2.0,3.0,0,0,1,0
50.0,47775.47877302599,5.658916066119483,0.219881376825846,6.0,4.0,0,0,0,0
53.0,74553.37984946584,2.057508056708215,0.2076662094351377,3.0,3.0,0,0,1,0
50.0,52284.5529732408,3.0741315921204126,0.2317922806044498,4.0,5.0,1,1,1,1
43.0,50947.97342632828,4.430861412658695,0.2460566794014113,6.0,5.0,1,0,0,1
45.0,65107.82451651512,3.641479166075941,0.2879935045936332,9.0,3.0,2,1,1,1
49.0,61862.02515936767,15.172079312156558,0.23791157291652,4.0,9.0,0,1,1,1
58.0,51520.10782824823,4.520966939817584,0.3006972383626088,16.0,4.0,0,0,0,1
20.0,54475.75903277797,4.79946988104977,0.3382887652701045,4.0,5.0,1,0,0,1
25.0,45720.22311548982,3.5909279845120694,0.0587453867701584,15.0,6.0,0,1,1,1
52.0,78939.55768707466,4.371029696097835,0.1934741652155991,0.0,2.0,2,1,0,1
67.0,25779.676004750865,2.421185851424566,0.15373148760607,12.0,4.0,1,0,0,1
69.0,22413.61543970945,3.594045504940313,0.2708167713466874,5.0,2.0,0,0,0,1
65.0,40754.49422589915,9.56163765807038,0.0569074657411333,4.0,5.0,2,0,0,1
24.0,54383.00655327878,0.3682739525361805,0.4066073344417186,15.0,4.0,1,0,0,1
21.0,18868.362026804974,9.619440954463933,0.3683496292231811,14.0,3.0,1,0,0,1
18.0,95413.85715608792,0.7497289952322251,0.1268095051784007,19.0,5.0,0,0,0,0
37.0,67401.35461377508,9.351463373394024,0.3254025124454354,8.0,6.0,1,0,0,1
65.0,64552.5908727396,1.7790593565488702,0.2024783509487901,18.0,5.0,2,0,1,1
21.0,67792.61591246874,8.900345771633697,0.1197872134843499,8.0,6.0,2,0,1,0
21.0,36161.83860237511,7.779134079251586,0.3430824449809528,15.0,1.0,0,0,0,1
32.0,54876.01427542398,2.1016300809552897,0.0155314978309614,8.0,5.0,1,1,0,1
49.0,57603.95702011926,0.0908532320708223,0.3162298390616307,1.0,4.0,0,0,0,1
18.0,55580.430515406784,5.521733194204588,0.2347545075386435,5.0,9.0,1,1,0,1
69.0,25447.843697260152,1.649500892277558,0.2485969038960578,3.0,1.0,2,1,0,1
28.0,32774.31597343473,2.196348058648748,0.2812038967746844,16.0,9.0,1,0,0,1
29.0,36236.99309644553,0.3724099362783248,0.1084600401928834,13.0,8.0,1,0,0,0
21.0,45085.13871828112,10.583925255399173,0.2587848583455329,7.0,8.0,1,0,1,0
62.0,65716.00317301665,5.828157192596624,0.5795435339820293,5.0,2.0,1,0,1,1
18.0,-1078.4226980390958,0.2244635445007851,0.0461089888225419,16.0,2.0,0,0,1,0
56.0,17871.07359484855,15.172079312156558,0.510147513761232,0.0,4.0,1,1,0,1
22.0,66314.74425078594,1.6597635333402472,0.2813573235923288,19.0,4.0,1,0,0,1
38.0,51636.5871709513,2.5375331299759782,0.0937293039829412,18.0,8.0,1,1,0,0
50.0,44101.00643415944,0.2469282722577099,0.3458810311827689,1.0,7.0,2,1,0,0
44.0,25557.44382216109,5.310811942673517,0.3099564477393267,12.0,6.0,2,0,0,1
62.0,20428.27508440317,0.3380021938096258,0.3392109926751875,7.0,1.0,2,0,1,1
58.0,85917.55346191043,3.634270946622103,0.4036845371958589,0.0,2.0,1,0,1,1
28.0,23538.204131850038,2.983277059530509,0.361797462056256,8.0,6.0,2,1,1,1
20.0,39775.6864713763,5.52852195130109,0.1887387931601325,17.0,9.0,1,0,0,0
29.0,25106.90593377166,0.8199343186071815,0.1891460073815302,5.0,6.0,2,0,1,1
19.0,40257.49232470608,8.173496550579964,0.2219819609671809,3.0,8.0,1,0,1,0
68.0,60765.92158099266,5.344749114938969,0.6298113016787912,16.0,2.0,2,1,0,0
60.0,67673.19874973345,10.199918115913103,0.4087543521031224,0.0,0.0,2,0,0,1
42.0,53008.37810287153,0.4638928619745787,0.3531826886204156,10.0,5.0,1,0,0,1
35.0,82840.30320272737,4.407813802699802,0.2961979733556478,19.0,4.0,2,0,0,1
62.0,52400.62653436523,4.920631028910057,0.5724359543433041,16.0,9.0,1,0,1,0
43.0,56930.07763461432,2.6177327012433342,0.3700401819965376,13.0,2.0,0,0,0,1
59.0,38464.57338863335,7.770369982367988,0.4169357229266689,19.0,4.0,3,0,1,1
47.0,77987.10873172004,4.618375603423861,0.1968536047865766,2.0,9.0,0,0,0,1
43.0,50928.73096312297,2.4212339807468024,0.3774191190742991,2.0,9.0,2,1,0,0
53.0,45507.33700005951,1.57624819244378,0.1461880744340576,11.0,7.0,2,0,1,1
65.0,48033.207464105,1.6159905495488984,0.5280499551515648,0.0,0.0,2,0,1,1
32.0,28378.73344800205,15.172079312156558,0.3569482999794101,6.0,4.0,0,0,0,1
32.0,37887.68920526272,3.239914160691601,0.1851448303269187,15.0,9.0,0,1,1,1
36.0,53930.4233940294,2.815240067989305,0.1301842498556632,8.0,0.0,0,0,0,1
50.0,59849.02528016298,4.589598621665501,0.3442408863859198,6.0,7.0,2,0,0,0
58.0,34885.096810143106,15.172079312156558,0.5268198911496275,3.0,0.0,1,0,1,1
67.0,68991.08270882648,3.9546506380290176,0.039814195396608,9.0,3.0,1,0,0,0
53.0,51038.91771614599,2.221410612046673,0.3411985011846298,4.0,4.0,1,1,0,0
49.0,23036.29155788574,6.224217408676418,0.4732074603715058,6.0,4.0,0,0,0,1
52.0,49255.55526980317,0.7218647779765466,0.234929570496746,4.0,3.0,0,1,0,1
57.0,52187.895892097855,0.3503334635975815,0.2031702051867039,7.0,2.0,0,0,1,1
44.0,56395.63868285074,12.036570365805982,0.2662427753170681,5.0,0.0,0,0,0,0
39.0,44194.509116226975,1.2953782521651376,0.4574049041565562,16.0,9.0,1,1,1,1
68.0,56673.242105738966,0.2683641914791203,0.2449843568152812,15.0,8.0,1,1,0,1
50.0,49229.83060998585,6.403247667618976,0.1277686636684437,14.0,4.0,1,0,0,1
65.0,1522.413467420869,1.2288157461212414,0.4877031402753353,19.0,4.0,1,1,0,0
49.0,80569.36852825063,4.151414204758868,0.6014318584295841,15.0,5.0,1,0,0,1
34.0,81591.44291461425,3.6433158815578937,0.3423522504030944,15.0,5.0,1,0,1,1
23.0,44463.73400222159,0.9632037172916342,0.3001301290644164,6.0,7.0,1,0,1,1
54.0,63046.45756826839,0.7000608453811547,0.0406293571739403,19.0,4.0,0,0,0,1
65.0,78186.9488037116,12.019038653921694,0.5758838933798938,13.0,8.0,0,0,0,0
25.0,53408.32444750975,5.691242631366281,0.4224273898295277,9.0,9.0,1,0,0,1
43.0,58892.05336440282,0.1914753785135113,0.1205782593653721,4.0,6.0,1,0,1,0
31.0,73932.62973291302,0.68406557923332,0.5177780423520806,4.0,0.0,2,0,0,1
19.0,48065.73776259215,3.891279171495503,0.4548274324248505,10.0,2.0,0,0,0,1
49.0,49337.46054252406,13.42316171793108,0.7069398340941843,11.0,9.0,0,0,0,1
36.0,92845.40717223728,2.1330124775855044,0.4035932605761921,14.0,4.0,0,0,1,1
47.0,69134.04633589167,2.3240003157968268,0.1366266134402893,5.0,0.0,2,0,0,1
47.0,53329.04416426112,15.032050656159717,0.115508747068787,4.0,8.0,0,1,0,1
51.0,46500.80486609183,0.2979244503124204,0.2312102468628392,17.0,2.0,0,1,0,1
46.0,62658.63635511021,1.091387752228215,0.039946971742571,13.0,9.0,3,1,0,1
67.0,41437.69678068175,2.8915073097373822,0.206817817322017,14.0,7.0,0,0,0,0
50.0,74130.17933016713,5.058523425335606,0.2286376528159782,10.0,1.0,0,0,0,0
43.0,45819.534854279496,7.37284866529631,0.6068938944826024,9.0,0.0,0,0,1,1
38.0,35381.39920116162,1.7370812851832371,0.2447966527292512,5.0,5.0,1,1,0,1
32.0,46541.07880153154,7.865412180781225,0.4861145992171175,19.0,7.0,1,0,0,0
20.0,79530.80699451792,0.6666331477601193,0.443526823896116,3.0,5.0,1,0,0,0
31.0,61771.56808841219,10.43265641370974,0.0790947255047947,9.0,7.0,1,0,0,1
42.0,73767.86546896168,2.117303887116328,0.2790779756873904,9.0,2.0,1,0,0,0
65.0,69451.0889925346,0.214666291534407,0.1282124549316295,1.0,3.0,1,0,0,1
32.0,30448.89510402898,0.7976319211344142,0.068025179928087,0.0,6.0,1,0,0,1
60.0,72531.30059095514,0.3371379390955525,0.2494485341513156,17.0,7.0,0,0,0,1
18.0,45731.14258139584,4.983733534007458,0.1410613900208829,7.0,0.0,2,0,0,0
47.0,76583.05060264863,0.912769129024082,0.4771332841901341,3.0,2.0,0,1,0,0
66.0,68480.54038413802,10.682293120440278,0.3479181328972756,18.0,0.0,0,0,0,1
64.0,70196.34178685269,4.901265265759135,0.3462252555015791,18.0,2.0,2,0,1,1
64.0,99859.99034865582,7.643863453550762,0.2714066205793128,15.0,5.0,2,1,1,1
61.0,52584.42363950455,6.415338059369304,0.2319690993309241,18.0,2.0,0,0,0,0
47.0,36216.243638208645,8.968305238542268,0.0468492653975621,11.0,2.0,0,0,0,1
33.0,30660.47713741574,3.323670411344603,0.1076063974617847,10.0,6.0,2,1,0,1
58.0,61195.80895862079,6.485395260823416,0.4992607592612914,5.0,8.0,0,0,1,1
36.0,62774.604440583695,8.257428550377401,0.1296965514938699,18.0,5.0,1,1,1,1
47.0,61259.38473381141,4.625240663537059,0.4178966093356304,1.0,3.0,1,0,0,1
59.0,55088.416866024265,3.2982609877689626,0.2711053632571124,8.0,3.0,0,0,1,1
48.0,42236.46362917543,3.4717752602625778,0.2607079261211888,18.0,6.0,0,1,1,1
59.0,65139.77233290704,1.1038420756713982,0.4414578427283593,12.0,5.0,2,0,0,0
20.0,73812.92549572683,3.0778286077867363,0.0606906527030963,16.0,6.0,1,0,1,1
25.0,39799.672022905055,1.5065917327534435,0.2017163308973403,8.0,5.0,2,0,1,1
42.0,65417.30387773934,7.496431991292298,0.3349223797090783,10.0,2.0,2,0,0,0
26.0,36963.27784395682,4.241668481050225,0.226373661717002,1.0,0.0,0,0,0,0
29.0,70941.9660522431,3.915628418764872,0.4865241768823066,3.0,5.0,1,1,0,1
62.0,62655.637322125694,11.84562559072742,0.196848730814825,19.0,0.0,1,0,0,0
19.0,54220.34934405237,8.548046073055023,0.215708580571228,7.0,8.0,0,1,1,1
32.0,35997.583701216536,10.345420566187718,0.1880666282232222,2.0,9.0,0,0,0,1
19.0,57893.43059645962,1.6597195097022186,0.1450596760975019,17.0,1.0,0,0,0,1
54.0,23293.112825797976,8.171388835882192,0.3072581434169985,15.0,8.0,0,0,0,0
38.0,57836.080108050926,1.096540234206891,0.0457018456944586,2.0,9.0,0,0,0,0
66.0,78410.0849597971,0.754254552689986,0.3736665773648109,3.0,1.0,1,0,1,0
64.0,58438.415084705695,6.139389288918249,0.041859411542165,15.0,3.0,1,0,0,0
68.0,-1155.8824959455378,1.135902764541932,0.2074405177870787,8.0,4.0,1,0,0,1
24.0,40124.86833677376,0.5785371390988225,0.1300031858657628,6.0,3.0,1,0,1,1
53.0,64023.45484621797,13.24146297271714,0.4636069255533359,12.0,2.0,1,0,1,0
30.0,98068.31170476553,0.4041489828716266,0.4067854267970843,17.0,5.0,0,1,0,1
22.0,53840.98232980063,0.088541163532325,0.3154914298561662,18.0,8.0,1,1,0,0
20.0,93300.04689802168,15.07239393293603,0.4213183685883098,19.0,1.0,2,1,1,0
40.0,12584.161579482883,0.2937351341241873,0.2052022524083181,0.0,1.0,0,1,0,0
41.0,54489.03637119944,3.2269881452178977,0.1320147770620504,16.0,9.0,4,1,0,1
53.0,35485.12373693069,9.07128706056416,0.3770081169472025,18.0,8.0,2,1,1,1
43.0,54712.29116217132,2.9868204943252854,0.4723111858808004,11.0,7.0,1,1,1,0
40.0,35936.47149748226,2.9624886169196856,0.3592652758898438,8.0,3.0,0,0,0,1
43.0,34892.34135293355,5.148443838751175,0.2743528735631583,15.0,4.0,3,0,1,1
64.0,65183.10320605294,7.878634682838712,0.3135370593176542,12.0,6.0,1,1,1,1
60.0,37220.76504620996,3.496670911016173,0.4770180100982217,9.0,7.0,1,1,1,1
62.0,54866.78898645384,8.006861151346733,0.0159337914497912,7.0,9.0,0,0,1,1
65.0,63087.31312708116,9.506177471315551,0.4349507363034439,15.0,1.0,1,0,0,1
53.0,54987.673674215104,0.4178864778237989,0.0491331729182327,19.0,3.0,0,0,1,1
66.0,82146.91152039985,7.110151842746742,0.4378854504808222,13.0,8.0,1,0,0,0
30.0,80615.01664687395,0.7967553170232788,0.3039361586250159,5.0,8.0,0,1,1,1
36.0,48205.28611425547,11.040787202685332,0.0053680844501438,17.0,9.0,1,1,1,1
50.0,51645.67978550848,4.568701287718527,0.4281637369757693,5.0,6.0,0,0,0,0
31.0,34914.48299961284,1.7802733813930105,0.3382750971926416,9.0,7.0,0,0,1,1
59.0,37460.65884424465,3.955434494928822,0.0841743365393104,13.0,7.0,2,0,1,1
26.0,61278.18240104719,3.432798854498613,0.3384170503055753,9.0,2.0,1,0,0,1
61.0,32878.323481822656,5.450091904163448,0.4744879360917795,10.0,2.0,1,0,0,1
68.0,64219.19936406983,0.4357701266682867,0.1658069239561412,11.0,3.0,2,0,1,1
19.0,46950.603272389126,3.64864637786035,0.2230419324819254,11.0,5.0,1,0,0,1
63.0,43671.83100610396,0.085464600292336,0.213322736526893,6.0,4.0,0,1,1,1
43.0,67903.86440055465,2.434828616049801,0.2979050442506653,19.0,1.0,1,0,0,1
30.0,101467.1960649972,3.8685529300196015,0.2562193556155805,8.0,6.0,0,0,0,1
55.0,34920.70822266648,0.0006735103820133,0.5983467250653779,11.0,9.0,2,1,0,1
65.0,49817.62006711593,3.931603883231449,0.559748196328072,19.0,4.0,1,0,1,0
38.0,50368.36758379104,1.517063656781916,0.5387564980440281,3.0,1.0,1,1,1,1
57.0,68765.67611951995,6.797156114135131,0.3275299415979275,13.0,2.0,0,1,0,1
52.0,48356.97643214862,1.919987120715736,0.3162967511292953,9.0,5.0,2,1,0,0
59.0,53821.98136039807,0.607944307284065,0.2817194221228608,9.0,9.0,2,0,1,1
42.0,54442.67543267426,11.14214445221528,0.2265228453079547,8.0,4.0,1,0,0,1
26.0,87535.91625116131,2.150118883764553,0.192381734796683,0.0,3.0,3,0,1,1
24.0,47319.65666654165,5.817411525216162e-05,0.21150460958675,2.0,9.0,0,0,1,0
49.0,42814.158184258806,2.509131824182375,0.3441654266410305,2.0,8.0,1,1,0,1
56.0,42571.18268008417,5.95197892248194,0.3259029406210039,8.0,5.0,1,1,0,0
63.0,34644.04869791743,2.92936261960972,0.2508512520003949,16.0,5.0,0,0,0,1
26.0,40812.78200919512,2.133520277972683,0.2903873472249967,9.0,6.0,1,0,0,1
58.0,67209.46976719491,15.0247905626788,0.2627604540410931,4.0,5.0,1,0,1,0
67.0,83678.55382915738,1.2922330272947289,0.1421470871431961,2.0,4.0,0,0,1,1
27.0,76034.82578797596,3.45470472579968,0.367693437855412,2.0,1.0,2,0,0,1
64.0,57993.75903505283,7.578952457757636,0.3311068861312367,9.0,7.0,2,0,1,1
64.0,78831.37241315801,3.649872968592603,0.2689040263381045,7.0,0.0,2,0,0,1
60.0,57373.46617745802,1.4893841161123782,0.1011867315191542,16.0,8.0,3,0,0,1
21.0,62771.84917554748,0.6297223224301701,0.1644908653996686,0.0,9.0,0,0,1,1
30.0,68713.56786294922,1.621069797852322,0.3299114686361586,16.0,7.0,0,0,1,1
55.0,36987.14861756346,5.64228528911877,0.1984702192812177,0.0,6.0,2,0,1,1
43.0,62648.15478111042,2.745653493256675,0.0776550664575109,5.0,5.0,4,0,0,1
49.0,22966.307887673327,1.195376300823429,0.5209740341645329,12.0,6.0,0,0,0,1
65.0,60829.25456409576,15.172079312156558,0.323821357478851,7.0,5.0,2,1,0,1
36.0,49840.547173667655,5.947361343779222,0.3758977743398275,6.0,6.0,2,0,0,1
36.0,66678.44309097808,8.842011858024538,0.2587951204847887,10.0,8.0,1,0,0,1
63.0,31213.292123624917,3.174280685649471,0.5118208698936791,3.0,0.0,0,0,0,1
40.0,85891.15727035576,2.5293151328733416,0.4405181037535751,0.0,5.0,0,0,0,1
18.0,32030.640364179253,7.689996178639589,0.3111569513424558,15.0,3.0,3,1,0,1
29.0,69281.74336576715,1.749848046900245,0.5462926117906662,1.0,1.0,0,1,0,1
49.0,24098.42455872768,2.003993052358571,0.3748998760366616,15.0,2.0,0,0,1,0
28.0,67004.43484226985,11.178849196435586,0.2570453487249676,2.0,3.0,0,0,0,1
18.0,36947.52041395218,1.8641486276414163,0.6236265478175447,14.0,4.0,4,1,0,1
51.0,27545.559568754023,3.343903043343766,0.1207732276954052,9.0,8.0,0,0,0,0
26.0,62211.71490567646,15.172079312156558,0.4493230296578294,7.0,3.0,1,0,1,1
36.0,49607.24402146637,0.4676512090618075,0.5421148900980919,4.0,6.0,0,0,0,0
52.0,15205.724424438004,2.44320521401188,0.243556441638126,16.0,7.0,0,0,0,1
27.0,51132.99849794214,2.4564689738889043,0.0688574819054233,16.0,0.0,1,1,0,1
50.0,91505.21745250533,7.175360691532479,0.1386391024045476,12.0,1.0,1,0,1,1
59.0,73385.91180891346,1.8507749491469945,0.2637367830498125,4.0,0.0,0,0,1,1
23.0,13182.515373367096,5.797024320124432,0.5023166737897836,10.0,5.0,1,0,0,1
42.0,18321.94353028553,15.172079312156558,0.3857989395930342,3.0,2.0,0,1,0,1
34.0,56951.63410723342,2.1381043077802806,0.476371862104171,2.0,9.0,0,0,0,1
65.0,70991.05430638671,3.897967484469401,0.3257121702747576,9.0,7.0,0,0,0,1
61.0,43503.37232982755,6.257989306347668,0.2945063340443908,19.0,9.0,2,1,1,1
61.0,38993.8969230916,3.105766397295583,0.0718774848884441,18.0,4.0,2,0,1,1
66.0,83929.12736580076,9.765879262842793,0.1927509224419929,13.0,0.0,1,1,1,1
26.0,53620.43117407414,11.154031145986536,0.1518890752929192,3.0,3.0,2,1,1,1
38.0,39654.23099799256,0.4927923153723075,0.0255304591814648,9.0,8.0,2,0,1,1
40.0,44048.72993280016,2.596832420887668,0.2672577269945208,3.0,9.0,1,0,0,0
18.0,58509.1512356993,0.7573304104734127,0.4220781732681007,5.0,7.0,1,0,1,1
56.0,52391.60736828307,4.214501812797032,0.0411953632429334,9.0,3.0,1,1,0,0
47.0,24969.21151619112,12.422647754965883,0.5379363637806488,10.0,1.0,1,0,1,1
52.0,30424.725684353853,15.172079312156558,0.4210338527533138,8.0,7.0,2,0,0,1
31.0,34062.094890590466,14.123980180792614,0.284748263335472,4.0,2.0,2,0,1,1
54.0,84719.27606330498,2.9030346577253274,0.2007926074670787,0.0,8.0,1,0,0,1
39.0,26832.706216149145,15.172079312156558,0.5327875402080797,12.0,8.0,2,0,1,0
42.0,16769.598754620805,2.6373577558486443,0.2939080116044678,17.0,6.0,0,0,1,1
68.0,60733.05505054572,5.429971334477727,0.1639735907199302,17.0,6.0,2,0,0,1
63.0,63170.885453456605,0.5715900958138311,0.2773165893515958,2.0,8.0,1,0,0,1
22.0,55623.82847938752,0.2793187986295818,0.6741949637316157,14.0,9.0,1,0,0,1
46.0,41762.460677550655,0.4201782103666168,0.1115655075206992,5.0,4.0,0,0,0,1
46.0,64841.90744018614,4.16302693854329,0.0767737722612153,6.0,9.0,1,1,0,1
18.0,34443.66624818249,1.904557723978552,0.2370136739010705,4.0,0.0,1,0,1,0
38.0,50563.62314738257,15.172079312156558,0.524666091044456,18.0,6.0,0,1,1,1
47.0,44545.52860504659,10.223400900512182,0.4191343156728417,4.0,9.0,1,1,1,1
36.0,48847.62405932829,2.6173851741266763,0.1562944545151576,8.0,7.0,3,0,1,1
44.0,80591.00638921227,3.592352109670177,0.3981707675764852,8.0,4.0,2,0,0,0
54.0,-1155.8824959455378,1.364270832034604,0.1475109982902516,11.0,0.0,1,0,1,0
37.0,48094.08935226096,14.212971527639205,0.3113574232014944,3.0,7.0,3,0,0,1
36.0,56427.14430900546,7.9119244509880895,0.2409796488551232,19.0,8.0,5,0,0,1
56.0,27418.964575655416,1.128331581573379,0.5357995621053333,1.0,0.0,0,1,0,0
45.0,59428.31112772808,2.01245024322056,0.1704002605691204,7.0,7.0,1,0,0,1
54.0,48748.13744200955,1.9105996627694828,0.2244943663861118,9.0,0.0,0,0,1,1
18.0,27928.213655684584,0.3237040232941339,0.3354609478388799,14.0,7.0,2,0,0,1
23.0,15948.327915243191,9.208349225171542,0.4402492515093427,5.0,2.0,2,0,1,1
57.0,59866.358017617786,10.247646330481995,0.4552676384890686,13.0,4.0,1,0,0,1
54.0,45056.452349588064,7.057314520714552,0.2269257426138339,4.0,2.0,0,0,0,1
37.0,95977.962472385,5.531210553440255,0.2466749134265328,17.0,4.0,1,0,0,1
62.0,81549.0655952695,2.190752193682152,0.1340608055562009,17.0,2.0,2,0,0,0
36.0,38890.457616794905,2.2459338035474525,0.2580634729990846,1.0,4.0,2,1,0,0
34.0,56176.66025197928,2.014078347864592,0.5791007161606667,1.0,5.0,1,0,0,1
66.0,49878.58176920213,7.579194241744998,0.3617181034467838,9.0,6.0,1,0,0,1
42.0,62255.47810125139,6.744533017740471,0.350135842218205,7.0,6.0,1,0,0,1
26.0,21725.7100619004,3.659775607924128,0.3086928661865369,1.0,5.0,1,1,0,1
65.0,59183.601584568736,1.6530953880365955,0.217206502029108,16.0,7.0,1,1,1,0
35.0,40247.87551855013,6.508650507257196,0.2376778578680947,16.0,4.0,3,1,1,1
23.0,49088.27967289004,2.9567406445783764,0.4799059691988199,12.0,0.0,0,0,0,1
39.0,22344.00538071328,0.3352608925534093,0.3272232759610889,4.0,2.0,1,1,0,0
65.0,55120.59468627752,5.027551885048863,0.7007817975708072,9.0,2.0,4,0,1,1
68.0,25806.10514317785,6.150238259218661,0.5445112071782316,7.0,7.0,0,0,0,1
34.0,61541.4425436108,1.5007760910029715,0.2181519418826373,8.0,8.0,1,0,0,0
50.0,34034.055109230925,4.243728712956564,0.4978941595164927,2.0,7.0,1,0,1,1
55.0,50207.05239686761,4.8697798619599055,0.2385560875537755,13.0,1.0,1,0,0,1
63.0,42587.71335827788,2.352658106401821,0.2353892896590095,15.0,3.0,2,1,0,1
65.0,42133.22375345279,0.3068494679098315,0.2799184058289093,1.0,3.0,2,0,0,0
44.0,73469.4771497065,14.636305584720752,0.11032125402614,8.0,5.0,0,1,0,1
64.0,76908.40092309956,14.56598463699748,0.4179853682371023,0.0,4.0,1,0,0,0
38.0,45574.92752828456,0.1834175280566355,0.1236767140023194,9.0,4.0,0,0,0,1
41.0,70798.09374792152,0.8817258724042814,0.2061293731635253,19.0,5.0,0,1,0,1
34.0,11.885702528539696,8.644903569908596,0.5362160322633829,7.0,7.0,0,0,0,0
27.0,59880.60372565478,14.415777731750818,0.2090687028367796,5.0,4.0,3,0,1,1
33.0,57869.707708435,2.467236648458109,0.2072331187010375,14.0,6.0,1,1,1,0
44.0,27788.483090683425,9.73082490256681,0.4243518655493258,16.0,1.0,0,1,0,0
27.0,55795.49713792826,7.251773494836926,0.149714718795339,2.0,8.0,2,0,1,1
48.0,48717.23306814015,0.3998831236978604,0.4604493989406266,10.0,4.0,2,1,0,1
48.0,21198.982348114117,4.62530912905048,0.2384389992838884,11.0,5.0,0,0,0,0
32.0,75795.05508165491,8.326830208309165,0.0133381255946905,17.0,6.0,1,1,1,1
48.0,30633.11090272729,1.8796377264691988,0.0372062879087344,11.0,3.0,1,1,0,1
24.0,54964.41172600672,2.647457109592807,0.3751912864220817,0.0,2.0,2,1,0,1
41.0,36445.69260495788,1.298238854819585,0.1467751624799286,14.0,4.0,1,0,0,1
37.0,20712.5023958036,0.201295831828801,0.0990454947431122,18.0,3.0,2,1,1,1
47.0,61727.280375101866,1.1450543335802257,0.1233067777366615,8.0,6.0,1,0,0,1
33.0,69920.95371611633,2.536132421414252,0.2420795674080818,12.0,5.0,3,1,1,0
64.0,34302.0337383552,3.696062204669365,0.1823617538758681,1.0,7.0,0,0,1,1
48.0,49300.23019006076,3.0842491240149776,0.3939614324212918,12.0,4.0,1,1,0,1
58.0,67392.1184021132,3.117475840861609,0.2759627093661234,15.0,6.0,0,0,1,1
29.0,63964.4662722718,15.172079312156558,0.1697468754555758,11.0,8.0,1,1,0,0
62.0,30032.919185224186,6.063954062764889,0.0587343222846886,14.0,4.0,0,1,0,1
56.0,49045.7728771604,0.1396148121146265,0.3737010222714219,16.0,0.0,0,0,1,1
22.0,50760.069563364006,2.935328367214515,0.4123610876195105,0.0,5.0,2,0,0,1
30.0,72163.65633475033,6.694564392173502,0.0662895919241261,4.0,6.0,0,1,1,1
61.0,44900.455651582895,4.308934204698224,0.36441921405229,2.0,0.0,0,0,0,1
47.0,86520.19427093872,6.33511639460626,0.2459328891129591,18.0,4.0,1,0,0,1
68.0,61585.82999202177,15.172079312156558,0.2060511373929203,12.0,8.0,1,0,1,1
27.0,49061.58842241632,8.787338709486766,0.3093305217887315,9.0,9.0,1,0,0,1
64.0,38576.42020434406,1.8841456774526315,0.3841686148129106,19.0,9.0,2,0,0,0
54.0,24393.91202658211,5.281956106258551,0.1860621232060169,14.0,2.0,0,0,0,1
66.0,14784.744816883647,14.13286146641773,0.426517797894386,18.0,5.0,0,0,0,0
50.0,36618.54522680167,7.079856118620867,0.2810880917112684,15.0,2.0,1,0,1,1
35.0,96386.59079963388,0.6403444343923532,0.2785689011441034,12.0,0.0,1,0,0,1
26.0,95048.71610688618,5.7382336476219,0.2269082815991945,1.0,6.0,1,1,1,1
67.0,58380.3801873209,2.669129527378727,0.2874598806858754,13.0,7.0,1,0,0,0
49.0,10035.986309357846,15.172079312156558,0.4197319573933808,6.0,6.0,1,0,0,1
18.0,58726.47339348064,0.7494462875107238,0.340843697943177,6.0,0.0,3,1,0,1
46.0,43026.957311842816,0.322466443437917,0.6041340990775811,5.0,1.0,3,0,0,1
58.0,37524.6207860839,7.000504618021271,0.1097055673936324,9.0,5.0,1,0,0,1
51.0,41580.31038359474,6.5375680065751895,0.3733362309278322,19.0,5.0,1,0,0,1
19.0,57984.46245210558,4.88293741903404,0.1836811871877602,5.0,8.0,0,0,0,1
53.0,53951.99209384799,3.901208940447564,0.0072747047413066,18.0,6.0,0,0,0,0
29.0,91767.49409561456,1.745088792524603,0.4519539718395333,12.0,4.0,1,0,0,1
40.0,38389.53100390555,0.8219862551402466,0.4402367281231248,11.0,2.0,1,1,1,1
18.0,53006.035229237554,2.214263980932781,0.2332041462800099,12.0,0.0,2,0,1,1
54.0,-1155.8824959455378,8.81496508219185,0.4432956418443808,9.0,3.0,0,1,1,0
33.0,48596.68577082706,10.308158987072083,0.6337271424536701,18.0,3.0,2,0,1,1
43.0,16902.866562684612,7.715400534056185,0.4720677198262793,15.0,7.0,1,1,1,1
43.0,36472.15395881461,0.8388975176259995,0.2907880033402039,10.0,5.0,0,1,1,1
50.0,69840.84699073045,3.2104629430782743,0.2546060207547748,18.0,0.0,1,0,0,1
47.0,32303.945719461983,1.0542697055766683,0.1412021092298885,9.0,0.0,1,1,1,1
62.0,63257.62537334825,11.226031136902604,0.2982037471093363,9.0,6.0,1,0,0,0
34.0,38585.07412501048,1.6204462705167058,0.3157432682241395,11.0,9.0,2,1,0,1
53.0,45939.09227914015,2.807585082092952,0.3120419961116755,0.0,4.0,0,0,1,1
24.0,64155.03870910951,15.172079312156558,0.0941077935758852,15.0,6.0,0,0,0,1
45.0,70125.85618428882,2.0361680204431747,0.1344290972966903,14.0,1.0,1,0,0,1
56.0,16150.707405703615,0.3214826501356327,0.3527077819727991,5.0,2.0,1,0,1,0
59.0,58885.26622972079,10.703027201711366,0.445325731706341,3.0,4.0,0,0,0,1
20.0,64433.4412808647,0.7582529519025276,0.1057107830323264,19.0,5.0,3,0,0,0
33.0,29544.148696031887,2.56897347427876,0.0392801631314842,12.0,3.0,1,1,0,0
48.0,43479.52935664318,0.7271759976393737,0.1022864786909538,3.0,5.0,1,1,1,1
65.0,41596.263658082855,1.905911100566916,0.2290208014335576,15.0,7.0,0,0,1,0
66.0,35631.85468861605,7.612262880572404,0.1663592123039952,1.0,5.0,0,0,1,1
61.0,68686.39822478547,0.9061094871259684,0.2287694724603981,17.0,9.0,0,0,0,1
42.0,62909.68362282151,0.6449941183205865,0.0507994287219007,10.0,2.0,0,0,1,0
56.0,53696.72247389748,7.26355512373689,0.564636774420852,7.0,8.0,1,0,1,1
28.0,74921.70384995258,12.330821063064828,0.3794411536939451,9.0,4.0,0,0,0,0
46.0,6932.197727925704,10.975792178331533,0.2789410612672031,19.0,7.0,0,0,0,1
63.0,32107.85395560992,1.3689627001715945,0.515099224706211,11.0,9.0,1,1,0,1
34.0,46657.63839366291,8.607389054325331,0.3967058968120799,6.0,2.0,0,0,0,1
26.0,54775.78318053027,3.2393728196891165,0.0567761306426929,19.0,1.0,0,1,1,0
37.0,42308.88911540349,2.248930472744652,0.6441151204005371,18.0,6.0,0,0,0,1
20.0,82567.93246257075,1.896263453300884,0.2076698374564722,10.0,7.0,0,0,0,1
29.0,38338.45122862123,4.356853245869319,0.5717220352780182,15.0,9.0,2,0,0,0
64.0,63463.62702539917,9.034139994404848,0.337122565435892,18.0,1.0,3,0,1,1
57.0,76563.88283698115,2.4916713844208656,0.2316596704927427,4.0,2.0,1,0,0,1
32.0,-1155.8824959455378,1.3852086135460566,0.3212658186958191,10.0,1.0,1,0,0,1
55.0,39204.80639381277,2.992376739601061,0.3351520189164386,6.0,6.0,2,0,0,1
45.0,55783.37287815636,6.80496413178296,0.4240345061051237,13.0,8.0,3,0,1,1
62.0,56538.54747528325,11.835862371081546,0.1729311902457554,2.0,9.0,2,0,1,1
54.0,70605.66908063684,0.0965058468279292,0.309965825922994,3.0,6.0,0,0,1,0
39.0,57299.22004932451,3.343519918938111,0.1339894239886682,1.0,9.0,2,1,0,0
67.0,41411.889177494944,6.084565713175621,0.6034669008975112,14.0,1.0,0,1,0,1
27.0,46260.57394029108,5.052384941086984,0.2129687461813435,8.0,0.0,1,0,0,0
66.0,18595.50560219087,12.50985015581939,0.1898088523955465,12.0,0.0,1,1,0,1
69.0,57041.107930285936,9.744254161289728,0.6577252418827442,10.0,0.0,1,0,0,1
21.0,56752.05324150404,0.7163502844895132,0.5586785126889969,9.0,5.0,2,1,1,1
62.0,41250.83399353179,1.811615123619793,0.4235698184514463,9.0,3.0,2,1,0,0
41.0,68326.55349404963,0.0445139883614261,0.1308413358403651,16.0,6.0,2,0,0,1
45.0,10672.868212479969,3.525672792049088,0.1437831666690156,15.0,5.0,0,0,0,0
46.0,55717.3078144981,1.236341184337153,0.2356871952026764,3.0,3.0,0,0,1,1
52.0,567.1099974542158,1.7742799503994653,0.5353790979489369,9.0,5.0,2,0,0,1
32.0,41694.24172198398,0.3235097575531596,0.4217258520287179,18.0,6.0,1,0,0,1
68.0,38896.009466136034,0.0588783630724101,0.1509465954397953,18.0,9.0,2,0,1,1
30.0,28153.74470654842,0.6708020364218745,0.1157562816214142,10.0,9.0,0,1,1,1
39.0,31626.96107031604,4.605554539085551,0.2608344425937606,10.0,8.0,3,1,0,1
41.0,93265.0944661092,2.714573320919404,0.3893073782684028,11.0,5.0,2,0,1,1
29.0,71472.63499719545,5.054326549630213,0.4906190425090824,16.0,1.0,1,1,1,1
47.0,71830.13703844923,2.520660979608902,0.2816515588456469,12.0,4.0,4,1,0,1
45.0,66670.5792321785,9.023622538735031,0.1862663953948181,6.0,5.0,0,1,0,1
26.0,46839.842028420215,8.209898941840661,0.4141947342864209,6.0,0.0,2,0,0,1
50.0,71573.61666862591,12.009520086993216,0.5834896095027,17.0,4.0,0,0,1,0
25.0,62157.93019433078,5.676432558498414,0.2065514474430359,14.0,2.0,0,0,1,1
37.0,-1155.8824959455378,7.995313597255331,0.5752524381494896,17.0,6.0,0,0,0,1
23.0,19685.11770005536,1.6472671395570604,0.1051529492765956,13.0,0.0,0,0,1,0
21.0,62270.35945460833,3.355928854897376,0.2929788735913856,8.0,2.0,2,1,1,0
25.0,60596.08355830565,1.594631032150175,0.3484381751736213,19.0,9.0,0,0,0,1
43.0,46657.56572427177,2.8689530490754382,0.0978792866038036,8.0,7.0,1,0,0,1
31.0,82782.33610888134,1.7499259769507949,0.3264952020942179,12.0,1.0,0,1,1,0
34.0,46186.35198473307,5.372631236659405,0.1325574109676038,2.0,7.0,2,1,0,1
61.0,80079.85977165378,5.033572589166379,0.069854215232803,6.0,5.0,1,0,0,1
41.0,55599.37252639641,3.7052932239272174,0.2951019468568172,16.0,5.0,1,0,0,1
53.0,50566.36752260922,1.7636835997261835,0.0850659978225831,18.0,3.0,2,1,0,1
42.0,67898.48753888882,5.166218987260125,0.0351797807993616,0.0,9.0,0,0,0,0
21.0,51731.795749458,1.0295975634528098,0.4450362053958418,13.0,8.0,0,0,0,1
49.0,84550.86340201422,4.343072618112863,0.2144326153952465,0.0,5.0,0,0,0,1
58.0,56522.66044484236,5.034788547467604,0.3380474712276761,8.0,3.0,2,1,0,1
22.0,57546.00986089704,5.309106299150158,0.4636404808735707,11.0,4.0,2,1,0,1
58.0,70636.8907893727,9.679168719178843,0.207457529958512,11.0,3.0,0,1,0,1
22.0,62816.857225340194,15.172079312156558,0.1930659500417276,2.0,7.0,1,0,0,1
36.0,44386.49846266452,3.5782845640222263,0.3466360764254814,6.0,8.0,3,1,0,1
57.0,65208.293122885945,3.0256963623264688,0.0675474542941408,19.0,9.0,0,1,1,1
51.0,73931.43003328983,2.872341714964048,0.2510978723204844,13.0,1.0,2,0,1,0
20.0,32487.634932304856,5.140659982373224,0.3345105497789332,1.0,6.0,0,1,0,1
44.0,67068.31117560616,0.718360974536481,0.1737830270834501,2.0,4.0,0,0,1,0
35.0,64652.80154431159,8.159368813932607,0.3712930873250693,18.0,8.0,0,0,0,1
41.0,33003.112610704164,11.504599685044134,0.0961144313806767,15.0,5.0,2,0,0,0
66.0,54348.657463594456,7.264648628462066,0.0583277662688309,7.0,7.0,1,0,0,1
18.0,66606.71633088491,0.1103252467750076,0.137335249093576,3.0,7.0,1,0,0,0
60.0,38718.42738526543,6.531384192807291,0.2799801593212404,6.0,1.0,0,0,0,0
59.0,77685.45637021036,1.5832163455430326,0.1157630763731219,18.0,1.0,0,1,0,1
40.0,29201.881457489384,8.983194682467005,0.2660565893616861,2.0,2.0,0,1,0,0
45.0,101201.69076537588,5.554421087100344,0.3242865327317485,14.0,1.0,0,0,0,1
38.0,39295.29576878864,0.837036899559433,0.1118397306988661,0.0,4.0,0,1,0,1
52.0,43816.557530627215,4.497433200381701,0.1109111744624726,17.0,1.0,1,1,0,1
53.0,20288.79253926056,3.684927860044089,0.2430327927543291,8.0,0.0,2,0,0,1
58.0,72875.08086413858,3.342967460518684,0.1994796663674422,5.0,7.0,1,0,0,1
65.0,74024.27844327889,6.959049439136748,0.5295105415157693,7.0,2.0,0,1,0,0
69.0,85045.40886847246,11.829928230155833,0.1288120009908881,3.0,3.0,1,1,1,1
20.0,50521.82100421668,9.680595255090653,0.0920630148030118,8.0,9.0,1,1,1,0
29.0,18882.08707592745,3.6269254399420303,0.0895402876167993,10.0,6.0,1,0,1,1
36.0,21866.77806303556,3.5939124064427475,0.1784396198271592,0.0,7.0,0,0,0,0
24.0,50278.58583825892,0.5573048725830221,0.4819498063691885,17.0,7.0,1,0,1,1
55.0,54684.294650730415,4.9889622984546325,0.6224521206393593,18.0,2.0,0,1,1,1
31.0,20421.768624517423,15.123726591010255,0.4856923468537112,0.0,9.0,2,1,1,0
51.0,58165.05511428944,2.172216857034855,0.0426125165402731,16.0,1.0,2,0,0,1
45.0,59493.964657599055,0.3930792672458491,0.2266906582078569,9.0,0.0,3,0,1,1
18.0,45049.6272889699,9.771686477564147,0.2340831361350911,17.0,9.0,1,1,0,1
20.0,37769.64394016103,5.923311842148193,0.3825666156869312,3.0,4.0,1,0,0,1
24.0,22208.55066472808,4.020404515374513,0.2643192931868108,5.0,4.0,2,1,1,0
49.0,69960.20219719305,5.647749272183766,0.3090666018759184,8.0,0.0,2,1,1,0
50.0,102628.57616710613,13.92774722954687,0.3776973082787966,13.0,8.0,1,1,1,1
69.0,51192.60739840348,15.172079312156558,0.3457640572822913,5.0,3.0,2,1,0,1
40.0,53958.21566925295,1.8000686241447332,0.171549651533383,18.0,3.0,2,0,1,1
22.0,49927.94921818863,3.5205868473535102,0.1374243088751497,2.0,4.0,0,0,0,1
31.0,29838.27378165192,0.3572545375426614,0.2574348011867037,12.0,8.0,0,0,0,1
34.0,8361.411842325557,1.0376549707763458,0.4941427378687356,14.0,6.0,1,0,1,0
25.0,83451.44773675407,0.6640491165229435,0.3427464554989851,17.0,6.0,0,0,0,1
30.0,51466.35934376808,1.4962154537418513,0.1501365963682047,15.0,7.0,1,1,0,1
43.0,50060.92040306829,1.6058758829254645,0.2565863199801682,0.0,2.0,3,0,1,1
64.0,73714.08309325993,0.630666267184792,0.4138082018946277,17.0,5.0,1,0,1,1
31.0,71883.83036941897,3.9420373715189614,0.4446279191066484,14.0,7.0,0,0,0,0
31.0,25514.035274212685,5.914613885831744,0.0572279446922691,11.0,2.0,2,1,0,1
68.0,57866.35678788744,1.5433903217401743,0.1169248202694525,3.0,4.0,0,1,0,1
66.0,48385.66839782836,1.63391574588316,0.2579043518687058,2.0,7.0,1,0,0,1
58.0,73740.6061112076,0.5882795243903626,0.1669973574379021,15.0,7.0,0,1,1,0
19.0,65178.5717957353,4.965287867379612,0.2783028816737725,17.0,6.0,0,1,1,1
29.0,45580.71652340672,0.1572252236291826,0.1858264858537202,14.0,7.0,0,0,0,1
57.0,57916.07066874818,10.481538129752243,0.2884957018176471,14.0,5.0,2,1,0,0
51.0,19536.261904324507,0.6423406851299852,0.2841761625924747,2.0,6.0,1,0,0,0
53.0,54815.063589771366,1.1601382995655154,0.229838746712316,8.0,7.0,0,0,0,1
19.0,60145.48062214596,6.259388080847127,0.3258502241821392,17.0,4.0,2,0,1,1
20.0,84991.53486373878,6.062386014385437,0.2992083215716564,19.0,6.0,0,0,1,1
45.0,35743.084346456715,1.6923368344452694,0.2096039228273493,4.0,6.0,2,0,0,1
65.0,36862.114420572085,0.1480182990112606,0.3559589768372399,2.0,7.0,1,1,0,0
61.0,55409.13651559678,0.301675130375288,0.1844571775950702,19.0,4.0,0,0,0,1
18.0,30207.90359482838,3.1022311983444286,0.4340840386845348,6.0,5.0,1,0,1,0
25.0,28369.0399277121,4.495255143393083,0.2126143337015162,6.0,2.0,0,1,0,0
44.0,71333.49379178308,4.681258338158763,0.6161490898475421,0.0,6.0,1,0,1,0
19.0,32791.73269432095,1.0196236897517543,0.068715260111685,15.0,7.0,1,0,0,1
44.0,31848.726759168043,6.149546920103921,0.0753075445181805,17.0,7.0,0,0,1,0
30.0,70451.4086401928,0.7708631748212545,0.1287560645285387,11.0,2.0,2,0,0,1
53.0,47059.95996743023,9.497213438694288,0.3403779918999732,3.0,5.0,0,1,1,1
32.0,86979.1218989069,0.1377163931844076,0.524107383079782,0.0,6.0,1,0,1,1
53.0,60775.11984892738,0.0498669522907635,0.4172779037586532,13.0,3.0,1,0,0,0
40.0,62965.60867687718,0.2809178457824846,0.2522517475269617,17.0,6.0,0,1,1,0
20.0,79067.68954235403,4.240501685324601,0.1317865994756037,19.0,2.0,0,0,1,0
69.0,60456.70976070999,1.5752505335258449,0.0614496935991329,5.0,8.0,5,1,1,1
62.0,80015.19581268622,9.385569055162966,0.5017603426553671,5.0,1.0,0,0,1,1
40.0,45928.392797952765,2.5137161029068373,0.3876273011228858,19.0,0.0,1,0,0,0
49.0,72066.03764033043,8.619669529794812,0.2857213617632627,0.0,5.0,1,0,0,1
53.0,91508.01597290878,0.8652721538019974,0.2544419638838643,18.0,0.0,1,0,1,0
68.0,9165.30263151419,0.1181453854060028,0.3025553098306243,14.0,0.0,0,0,0,1
49.0,19937.14093763788,10.51171200632744,0.723754419331908,12.0,8.0,2,0,1,1
69.0,44808.1729727279,1.146319173935442,0.1800598947569452,4.0,4.0,0,0,1,1
55.0,95818.85145181484,8.147144729977397,0.137515606366752,6.0,5.0,0,0,0,1
20.0,54478.28268129323,3.404255841155766,0.3125025751898585,3.0,1.0,1,0,0,1
53.0,43593.0538361136,0.296879789041904,0.5279243840181365,15.0,4.0,3,0,0,1
35.0,29103.81611957933,0.5368330935189589,0.2120534063592089,11.0,8.0,3,0,0,1
22.0,37061.26444588852,1.7012348244930584,0.3598740706896604,8.0,7.0,1,0,1,1
28.0,50368.678661307866,0.7655926703041758,0.1092677169367234,7.0,6.0,0,0,1,0
50.0,83309.48888925153,5.637799722553777,0.3492651154755515,2.0,4.0,3,0,1,1
55.0,54675.71823581495,0.5911718817835567,0.2282859972837796,7.0,7.0,3,0,1,1
43.0,50537.716779890616,2.4550068131504075,0.43911412045465,10.0,4.0,1,1,1,1
19.0,65433.974212966896,1.6828460953003797,0.3702785956345084,9.0,9.0,1,1,1,1
50.0,39647.77401927657,0.4556050505828779,0.0428320459356001,15.0,0.0,1,0,0,0
34.0,81230.22393453706,0.0608847794385016,0.0813391209937486,14.0,5.0,0,1,1,1
29.0,20302.040631001928,2.835357584011557,0.3354249355384948,5.0,3.0,1,1,0,1
61.0,27405.86290684764,8.909948060695697,0.2457334935364588,6.0,8.0,1,0,0,0
31.0,81863.73253278794,9.484779041173423,0.3468018099979776,14.0,3.0,0,1,1,1
19.0,35457.25648350263,1.6427795745700968,0.449549690409468,18.0,4.0,0,0,0,1
39.0,33380.997671779245,0.4009459373168456,0.2943552891013522,7.0,4.0,0,0,1,1
36.0,60593.855087134616,5.60628828533534,0.3495093655024614,14.0,8.0,0,1,0,0
44.0,25484.686739953177,2.513772608450984,0.1797050604970441,19.0,8.0,1,0,0,1
39.0,36972.86212416342,3.2345225620584084,0.2008776114080248,18.0,5.0,2,0,0,1
46.0,56769.928149888285,0.1709576246897491,0.5557147333885887,1.0,2.0,1,1,1,0
45.0,78802.34430898946,2.1223028808697,0.2142283776069361,7.0,5.0,1,0,1,0
52.0,86248.97115993858,2.3934102822378924,0.4372271147397712,9.0,7.0,1,1,0,1
68.0,65027.74246743578,2.8459770860961657,0.1681983518889694,8.0,4.0,2,0,0,1
35.0,75115.12251147041,0.4113088016205121,0.0203376211117979,19.0,3.0,1,0,0,0
40.0,48914.10266964376,3.000464482161465,0.2332597297899884,8.0,7.0,0,0,0,1
42.0,48995.23781101726,2.0341175418012742,0.3204120307242524,15.0,2.0,1,0,0,1
52.0,60730.19687140807,14.29939581176022,0.2333083074794686,7.0,2.0,0,1,0,0
45.0,39101.618263821,6.193559716560313,0.432033472949111,17.0,2.0,2,0,1,1
62.0,68815.42375976432,0.5373269137189676,0.2932468966293928,0.0,3.0,0,0,0,1
28.0,47403.58600533148,2.693592113318849,0.0192937738730104,8.0,9.0,2,0,1,1
52.0,98915.03959233651,9.835555820775436,0.4550595708995103,0.0,3.0,0,0,1,0
55.0,50595.1227899149,1.7827969781233706,0.1707846803550596,7.0,1.0,2,0,0,0
18.0,66812.87097977448,2.635019740558731,0.2775424411487115,1.0,7.0,1,0,0,1
23.0,73355.64123319615,3.0641707324122747,0.3201439850549907,9.0,8.0,1,0,1,0
56.0,37972.64712097573,2.844193362716481,0.3034090510352168,18.0,7.0,1,0,0,1
50.0,41114.13479847777,1.482134737918257,0.4017150861253683,16.0,4.0,1,0,0,0
36.0,71450.14674619604,1.3748093444425482,0.5844102972718348,7.0,0.0,2,0,0,0
41.0,56617.60464428914,1.5570923361286229,0.6489173234820785,3.0,2.0,1,0,1,1
25.0,61310.19291263088,0.3575207853447731,0.3325062048861093,15.0,0.0,1,0,1,0
31.0,48678.40402705367,9.156732559190154,0.4895558214332171,8.0,9.0,0,0,0,1
52.0,65066.83242209065,3.5354236725789976,0.6609010846342681,6.0,4.0,0,1,0,0
39.0,21039.72199167512,1.7480760959518882,0.323737194997249,17.0,0.0,0,0,1,1
68.0,37804.34191361236,7.252495367560702,0.2290506178869762,11.0,5.0,0,0,0,1
19.0,21830.774072728807,3.747525573292516,0.2939324011203272,4.0,1.0,2,0,0,1
28.0,21563.786665163127,15.172079312156558,0.3306799193500325,4.0,1.0,1,0,0,1
61.0,42780.6766836184,8.13809942226804,0.2871034665903474,12.0,6.0,0,0,1,1
65.0,37537.18947150471,1.4677736194256954,0.1766046090707247,9.0,6.0,2,0,0,1
19.0,38821.56305456824,11.63712057990887,0.4365609916533659,10.0,1.0,0,0,1,1
19.0,68523.55095063282,4.337309835440721,0.0191794450268533,0.0,6.0,1,1,1,0
25.0,63004.02355917322,5.896284320513487,0.2867280689900613,18.0,5.0,3,0,0,1
53.0,60778.200873693175,0.4880125449492801,0.2093955636532482,14.0,1.0,0,0,0,1
40.0,81310.48058468681,3.8174992294642345,0.1751299161196779,14.0,6.0,2,0,0,1
31.0,67422.49406863385,4.710930064584235,0.1103092238779738,17.0,6.0,2,0,1,1
67.0,64925.07132054441,2.302667240593697,0.2453787438648542,2.0,2.0,0,0,1,0
47.0,85416.0127127102,9.996265959284822,0.3799956547644613,13.0,5.0,1,1,0,0
28.0,51547.36615295237,4.8325195944629264,0.3224124525821897,4.0,1.0,0,0,0,0
51.0,45026.17747632906,3.6355717949754327,0.191892972445489,19.0,4.0,0,1,0,1
41.0,44819.15708358594,5.8193079906682925,0.155500312502534,6.0,5.0,1,1,0,1
41.0,42245.96880128032,0.0384677613520015,0.2356320321207812,0.0,1.0,5,0,0,1
69.0,60867.2038475987,1.246231109903065,0.3080337644412122,18.0,9.0,2,0,0,0
22.0,13275.892537934064,5.198775432802587,0.0591002363645108,19.0,5.0,1,1,1,0
56.0,19489.496581505224,1.8286757394049724,0.233465421092324,9.0,6.0,5,0,0,1
45.0,36141.896044081856,0.5566968910601795,0.3144923311622377,10.0,7.0,0,0,0,1
40.0,66409.64362394728,11.908736913559572,0.2486223552396022,18.0,7.0,2,1,0,1
26.0,70287.4013003626,1.965983484598051,0.183486628129589,3.0,4.0,1,0,0,1
19.0,48861.08752557865,8.80855497633712,0.4915121741124872,7.0,5.0,2,0,0,1
24.0,58268.69806447402,4.689197140188667,0.5494654483243985,0.0,6.0,3,0,0,1
46.0,37503.628446086426,0.9611409522956076,0.4354437700393007,0.0,9.0,1,0,1,1
25.0,63630.01394745249,4.56096425207786,0.4924424140581507,5.0,5.0,0,0,0,0
54.0,61411.97337186319,6.652654534548504,0.4734741318941113,9.0,3.0,2,1,0,1
66.0,58800.289001066645,4.304278785462037,0.2715065310069767,12.0,4.0,0,0,1,0
40.0,56929.76951795985,15.172079312156558,0.327505748501498,8.0,0.0,0,0,1,0
38.0,62675.53761864197,2.308695422260187,0.3824165633481318,8.0,8.0,0,0,0,0
20.0,18867.416529521925,6.35329922373547,0.2371806947234474,14.0,3.0,2,0,1,1
52.0,51922.41553881967,11.659811810955894,0.5591300431761457,11.0,4.0,1,1,0,1
29.0,18472.15686031501,7.815391457141175,0.4384009709406227,13.0,6.0,3,1,0,1
50.0,21849.76610564357,7.881499229619774,0.3450841502829877,1.0,6.0,0,1,0,1
58.0,75431.10189988317,15.172079312156558,0.0667555305661823,8.0,9.0,0,0,1,0
54.0,39075.11103495034,15.172079312156558,0.1806338066103014,5.0,3.0,1,0,1,1
63.0,54058.46041702599,4.71805362569958,0.1032941517860653,18.0,4.0,1,0,1,1
39.0,29917.184664958644,11.15240552814668,0.1095262841662347,6.0,0.0,4,0,0,0
26.0,82668.63064602192,0.3753231686622788,0.1707652951825317,17.0,6.0,1,0,1,0
62.0,30228.17785698165,6.137512127966616,0.4599431294093182,17.0,9.0,2,1,0,1
52.0,73780.33062215103,0.233617420011706,0.4155398954279267,7.0,0.0,0,0,0,0
31.0,44377.994142280906,11.517086346607716,0.2918793276226026,16.0,3.0,1,0,0,1
18.0,38487.24347524452,1.5074640664863508,0.6277239733678208,19.0,4.0,1,0,0,1
67.0,34280.21078984101,0.006772713471739,0.1935168773138802,4.0,3.0,1,0,0,1
40.0,38469.791985465614,9.613383011347391,0.4400307639755862,15.0,6.0,0,0,0,0
69.0,30432.54444769936,4.850153076744655,0.1342593059642669,10.0,4.0,0,1,0,1
23.0,64865.2818804543,8.742873866424489,0.057826174727944,3.0,2.0,3,1,0,0
57.0,29255.07691347087,4.436114946889184,0.2883350864333456,19.0,2.0,1,0,1,1
52.0,33060.77303363344,5.218028092377419,0.4133211757037022,9.0,0.0,1,1,0,0
50.0,55431.57674390747,0.5075866076325476,0.194604146338236,10.0,3.0,0,0,0,1
22.0,90267.74495053246,5.0305806252761,0.2673100010642549,5.0,1.0,2,0,0,1
34.0,49499.46082509712,2.276014498231384,0.3942268652361111,1.0,7.0,1,1,0,1
33.0,42417.44518025026,5.175830313402491,0.2782064907807531,2.0,7.0,1,0,1,1
44.0,59620.184634734265,3.92125150308692,0.4132429312490568,4.0,9.0,1,1,0,1
29.0,44364.30782278986,2.851073449415669,0.7492785003093756,7.0,4.0,2,0,1,1
69.0,57623.167697655554,2.6331837490083188,0.2930990674380786,5.0,8.0,0,0,0,1
39.0,48684.99477854025,0.766555051037578,0.1093952236279418,12.0,6.0,0,0,1,1
24.0,41089.949571984565,10.558951853774708,0.076905262823075,17.0,2.0,1,0,1,1
26.0,33661.28658025528,0.2624457374752228,0.4634907045628147,17.0,1.0,0,1,0,1
59.0,66463.41167923828,1.1242486684293702,0.0679210939928694,5.0,8.0,1,0,0,1
57.0,42969.73031917383,1.6577314679743202,0.0342811885253532,12.0,2.0,2,1,1,1
29.0,70980.18451673779,0.0634383456146781,0.3024763373927353,9.0,0.0,2,0,1,1
22.0,33215.80665321987,12.519779908948436,0.1372339047744618,7.0,4.0,1,0,0,1
30.0,23057.47420940607,6.525626528131986,0.5856177790771253,4.0,2.0,4,0,1,1
41.0,46193.22643832784,3.278995809468057,0.0869122027042611,3.0,9.0,1,1,1,1
38.0,59730.03287652404,2.117067672469814,0.0499665015511726,18.0,8.0,2,0,1,1
20.0,67547.24581151342,0.1988836038739156,0.4527973205672552,15.0,0.0,4,1,1,0
30.0,49488.91858017109,3.302503962436906,0.009063576455491,5.0,7.0,2,1,1,1
27.0,50640.08298131533,0.0453978192545214,0.4555342931594334,0.0,7.0,0,0,1,0
50.0,39542.79945693464,2.8143452104728715,0.4422870444385288,14.0,3.0,0,0,1,0
50.0,37245.200314973685,5.027031123587008,0.4966158879327197,12.0,3.0,0,0,0,1
22.0,28598.30467347695,1.6105475999006464,0.4198229253993504,1.0,4.0,0,0,0,1
68.0,24200.782005178924,0.8998597170870082,0.2852507807759099,19.0,7.0,0,1,1,1
48.0,39382.62454159359,10.366205011494582,0.3108549002870198,14.0,9.0,2,0,1,1
40.0,30172.15301087385,0.6557892212615534,0.1412777499469272,2.0,8.0,0,1,0,1
49.0,81479.73526580066,1.1239251629289253,0.6434052833138456,11.0,4.0,2,0,0,1
66.0,48567.97481171872,5.896928328555539,0.6594625321905624,11.0,7.0,2,0,0,0
28.0,38366.38172102712,6.2449708541637525,0.1373216656197788,9.0,1.0,2,0,0,0
44.0,55347.84628143806,1.4158190425046666,0.1011305381612302,4.0,2.0,1,1,1,0
39.0,27935.832685566336,0.1985399685693332,0.3507234479976578,18.0,2.0,2,0,0,0
34.0,27606.602107477123,3.3895737270445454,0.265448388671922,16.0,4.0,0,1,0,1
43.0,62974.19775179285,15.172079312156558,0.171892970512924,0.0,4.0,2,1,0,1
52.0,45116.86729418703,2.5781296560804385,0.291342806988894,1.0,8.0,0,1,0,0
35.0,22603.940408418443,10.6078526965118,0.2387302641737978,5.0,6.0,1,1,1,1
51.0,58738.763394927,8.22443151175426,0.2651574433650202,6.0,2.0,1,0,0,1
24.0,66713.84224130283,0.1224459563526515,0.1149124077707373,0.0,3.0,0,0,1,1
58.0,69925.3363889428,1.1186843585222508,0.6273568756267822,18.0,9.0,1,0,0,1
63.0,47581.037027844366,15.172079312156558,0.0406524091894457,8.0,3.0,1,1,0,1
56.0,36741.98164898103,7.157249288783703,0.6245064211462499,15.0,1.0,0,0,0,1
42.0,30207.43726859325,1.9009619755987488,0.5458906890817872,2.0,7.0,0,1,0,0
49.0,25521.19466475487,1.6942424636730935,0.2031766354464596,10.0,2.0,2,0,0,0
57.0,64006.19758817983,5.467898419608366,0.4189062970344011,6.0,3.0,1,1,1,1
47.0,45504.69196214633,1.17345904124512,0.2880155464028137,17.0,1.0,2,0,0,1
23.0,71717.91131663157,15.172079312156558,0.1300053351389738,2.0,4.0,1,0,1,1
49.0,57771.57209061928,11.441468746111294,0.4009126906691318,9.0,3.0,1,0,0,1
35.0,64447.62715655543,1.3095301511269732,0.446852193694835,8.0,4.0,2,1,0,1
46.0,40645.97597376217,15.172079312156558,0.016108664847518,11.0,4.0,1,1,1,1
28.0,66769.81548903283,3.0624072642822298,0.525270632394125,9.0,7.0,1,0,0,1
54.0,61166.538250434445,3.785098187566613,0.1947627208764054,9.0,5.0,0,1,0,1
21.0,61124.6001880132,7.017507254976709,0.1381653361950501,2.0,7.0,2,0,1,0
40.0,79598.88277780052,0.0161172667611731,0.1168655761939902,0.0,9.0,2,1,0,1
41.0,40446.85106469767,4.10681430140426,0.053086119567523,19.0,3.0,1,0,0,1
22.0,39380.060899963646,0.3678678924806502,0.3672419812866422,12.0,8.0,1,0,0,1
35.0,46262.56711677282,7.91345117931367,0.1524295832997067,1.0,1.0,1,0,1,0
47.0,38955.539114380575,3.2892965131437557,0.1477675605532415,6.0,5.0,2,1,1,1
56.0,61049.79908834296,5.808068223299942,0.166930655302071,6.0,8.0,3,1,1,1
33.0,83528.74624550565,1.4183094814786363,0.4303471247124504,13.0,1.0,0,0,1,0
25.0,34600.53537882716,0.2992381142185304,0.1202046876406994,13.0,6.0,1,0,0,0
53.0,57638.70904463107,4.92542496042651,0.3931071563451981,10.0,7.0,0,0,0,1
23.0,42693.56897375783,1.9406068427327785,0.3050549186050553,14.0,6.0,0,0,1,1
38.0,83742.83270145129,2.4840029972796573,0.556691105922177,12.0,2.0,1,0,1,1
22.0,47484.26159800704,2.6531483587842204,0.3362740101115349,15.0,9.0,2,1,1,1
22.0,53554.02001866508,7.011344458060847,0.3112062459089998,7.0,6.0,2,0,0,0
68.0,24340.15551622861,15.172079312156558,0.2869105045830585,3.0,5.0,1,0,0,1
65.0,50425.43153472123,1.0298093873716538,0.1397202806821597,0.0,6.0,1,0,1,1
47.0,88280.62707733572,7.325016738640082,0.0626399162903837,12.0,5.0,2,0,1,1
67.0,61895.08683330572,1.6722899833187106,0.3598383820137326,13.0,1.0,3,0,0,0
23.0,61001.04198049104,9.248380685685143,0.3835829196286626,18.0,6.0,0,0,0,1
23.0,39509.59467440453,1.0180825013378585,0.1595713437757506,17.0,9.0,2,1,0,1
56.0,51572.70380632181,1.1830754561812429,0.3284364233508817,10.0,1.0,0,0,0,0
38.0,46294.24682244584,7.295779858065249,0.6066784600310963,3.0,0.0,0,1,0,1
51.0,14425.595021914429,1.2765063757044115,0.4040043586428681,8.0,4.0,1,0,0,0
28.0,59451.94964826086,15.172079312156558,0.2000779313230957,0.0,4.0,0,0,1,1
45.0,57481.131396951445,2.382878278273536,0.5452485679678547,18.0,9.0,1,1,0,1
41.0,88188.33280940261,4.1218016030144025,0.2695430261406439,4.0,8.0,0,0,1,1
50.0,79920.88622978366,1.444858927806849,0.2237502374270553,4.0,4.0,2,0,1,1
59.0,39062.82117519216,15.172079312156558,0.557406885681536,1.0,7.0,1,0,1,1
39.0,6023.88086759836,3.327664871115796,0.152292841121347,6.0,2.0,1,0,0,0
61.0,57889.042847565936,2.8710525207056565,0.3736461276914464,3.0,1.0,3,0,0,1
31.0,28074.498262095964,15.172079312156558,0.2321423637626224,9.0,0.0,0,0,0,1
33.0,82274.22538117295,0.2576561474802323,0.649237693775418,19.0,1.0,0,0,1,1
52.0,44602.50129413258,6.561892815365702,0.4106980966463188,8.0,7.0,0,0,0,1
46.0,62182.76241814354,15.172079312156558,0.4567759031414876,17.0,8.0,0,1,0,1
20.0,16780.78132968017,0.597186712405471,0.3024225452045582,10.0,6.0,1,0,1,0
43.0,24063.36104088307,2.71887946748747,0.390328238498523,15.0,1.0,0,0,0,1
64.0,66588.11162366979,1.586925878270974,0.088016772720187,6.0,2.0,2,0,1,1
41.0,54153.75374326222,3.890241854836277,0.1960088011812329,3.0,9.0,2,0,0,1
33.0,41071.32770898943,4.502834892867231,0.4125868136483029,2.0,6.0,1,1,0,1
30.0,61395.34560464408,6.1138393618473055,0.3009635475833737,9.0,6.0,1,0,0,1
25.0,50811.83382407765,5.488844425837361,0.2507684502300168,6.0,5.0,1,0,0,0
25.0,43546.403223157286,7.156624401502873,0.4902794232319584,4.0,4.0,1,0,1,1
69.0,39545.539589619206,0.885078722413422,0.2424964231836355,1.0,4.0,1,0,0,0
56.0,50574.89645869635,4.62912334064396,0.4914679824608622,6.0,3.0,1,0,0,1
66.0,56433.956123920274,3.308989422796835,0.1982753755768706,5.0,1.0,1,0,0,1
26.0,64259.96860344776,0.8249881312515189,0.5006741240171694,7.0,5.0,0,0,1,1
45.0,43950.60627023743,1.3846556515460238,0.3154824162062239,10.0,2.0,0,0,0,1
22.0,66355.32598400574,1.2769216469929554,0.5965756479476296,3.0,3.0,2,0,0,1
53.0,43014.84591363143,10.747807940351615,0.0784681157824326,15.0,0.0,1,0,1,0
50.0,42503.58384900805,4.776431677739809,0.6798139772747849,16.0,7.0,0,1,1,0
66.0,45221.03906267181,7.683190946985041,0.3203811429734296,12.0,4.0,1,0,0,1
33.0,54167.65615895105,0.8719153692556543,0.0875528691864707,17.0,1.0,1,0,0,1
19.0,41205.3788345165,0.1764277174766325,0.401561690342304,9.0,2.0,0,0,0,1
49.0,62318.71213888528,2.704371135146974,0.0872053159749631,4.0,8.0,1,0,0,0
61.0,56156.03537784118,2.0414057023216685,0.3319587751508012,2.0,7.0,1,0,1,0
43.0,58809.49475920798,15.172079312156558,0.0672602468391794,3.0,4.0,0,1,1,1
46.0,29967.59980210169,1.707135864146678,0.0932182061227306,15.0,0.0,2,0,0,0
25.0,9237.50929644292,15.172079312156558,0.310916597436837,4.0,3.0,0,0,1,1
54.0,27490.21905403247,0.6095325317064895,0.0878264553382351,17.0,0.0,0,1,0,1
48.0,77804.15098034627,1.089742122761541,0.1326139166973097,5.0,9.0,1,0,1,0
60.0,74008.27815888851,2.799221753900893,0.213491600421602,17.0,4.0,0,0,0,0
33.0,60018.34375248761,2.900869559489516,0.2046230683025683,11.0,7.0,2,1,1,1
45.0,52445.95006064568,0.021864082458732,0.1644219334624456,4.0,2.0,1,1,0,0
44.0,84234.16960284687,11.924336194756286,0.0147803999909216,6.0,4.0,3,0,0,0
27.0,69635.3097398319,1.3849088294575522,0.1505158120690105,4.0,9.0,1,0,0,1
42.0,41310.07545135369,5.51016089756706,0.5215862971395819,18.0,4.0,0,0,1,0
51.0,12209.18538108938,4.654221230029178,0.231175620516904,17.0,1.0,1,0,1,1
62.0,63924.127296268365,7.392321860913893,0.1109951227085874,2.0,1.0,1,1,1,1
48.0,34864.09822861078,12.59941784148555,0.0271267521958157,14.0,8.0,0,0,0,0
66.0,62120.19902691279,11.04811802867714,0.4348483136027772,12.0,7.0,0,1,0,1
64.0,99106.00279821789,3.5287924442783862,0.2228239973320058,2.0,9.0,0,0,0,0
36.0,52107.5101229192,7.777885788656754,0.1526593567869029,12.0,8.0,1,0,1,0
44.0,63496.38984333207,2.4266936874952982,0.1813561796987826,2.0,7.0,3,0,0,1
33.0,24408.46066528597,0.3609245253477216,0.0624500784100217,14.0,6.0,1,0,1,0
18.0,47118.24888556769,11.042794021308753,0.363835500599997,17.0,5.0,2,0,1,1
25.0,59787.49122455836,11.221095570920664,0.1228798987176632,10.0,4.0,0,0,0,0
57.0,52934.273728666456,0.0078316562402087,0.2024517443898647,10.0,9.0,2,0,1,1
33.0,59135.06438307568,4.5948988053763165,0.4798413981078802,11.0,2.0,0,1,0,1
24.0,13902.35798670962,13.523778022021578,0.1834519238359276,15.0,7.0,1,1,1,1
51.0,31334.64081853608,4.868848016974755,0.2722655509331232,1.0,5.0,0,1,1,1
38.0,91534.9596712168,3.571164541230529,0.3684777016469394,6.0,2.0,2,0,0,0
45.0,73900.93257849685,6.436283964535804,0.396148132078496,12.0,3.0,1,0,1,1
69.0,54069.27271734446,2.2967788413439005,0.0781361272076499,1.0,0.0,2,0,1,0
24.0,30482.534940453344,0.1687630960528036,0.279074004926693,0.0,4.0,1,0,0,1
67.0,49453.90920980136,0.3794485110692194,0.1302740052424783,0.0,0.0,1,0,0,1
27.0,58600.83294382139,13.044369797823878,0.529186384271065,6.0,5.0,1,1,0,1
29.0,36378.96685050239,0.3720656488813726,0.4200664284346135,16.0,5.0,0,1,0,1
20.0,36747.52482108307,4.559318902293804,0.0590826265798715,8.0,1.0,0,0,0,1
49.0,40953.87361501846,2.2674534327944587,0.7492785003093756,15.0,9.0,1,1,0,1
29.0,73454.58038518729,9.958894376326064,0.2707572855994038,14.0,9.0,0,0,0,1
41.0,73186.59606728496,3.518076640409181,0.2051521024846308,8.0,7.0,0,1,0,1
60.0,55213.47531647814,0.8055171260730478,0.1851029330337154,0.0,9.0,2,1,1,0
45.0,74721.86350420874,7.412297132448399,0.2439313657508924,15.0,6.0,0,0,0,1
40.0,48888.3065817909,4.1188174255839725,0.3635241975838558,17.0,6.0,0,0,1,1
21.0,37252.25745386965,3.1979690828360434,0.189464696727799,5.0,4.0,0,0,0,0
68.0,29469.6940117788,12.225754297699062,0.4547962996448925,13.0,2.0,4,0,0,0
57.0,70883.21754138144,6.057652560462551,0.3520188680892029,4.0,7.0,4,1,0,1
34.0,13960.391248399605,9.278280231937154,0.412519320532224,15.0,7.0,0,0,0,1
31.0,53881.79985796615,0.0509142687627154,0.05312104295972,4.0,6.0,1,0,0,1
39.0,47230.880320324526,2.018765620314438,0.5170278545537692,10.0,6.0,0,1,1,0
43.0,51114.498245773895,5.263036671570292,0.3075056576330164,15.0,3.0,0,0,0,0
68.0,34734.81686914966,15.172079312156558,0.2756580127812975,18.0,7.0,2,0,1,0
69.0,28378.869191834758,0.0624080423751401,0.2881738348704263,8.0,4.0,1,0,0,0
37.0,31535.335077781918,1.8214527509449103,0.2162905367743838,19.0,8.0,1,1,0,1
42.0,59117.75544163215,12.531249964185864,0.0314262974067202,2.0,6.0,1,1,0,1
62.0,23375.34092884444,1.7819501195560352,0.1753686069103065,4.0,0.0,0,0,1,1
68.0,69686.44796953167,1.3553275985830635,0.0996858624336007,0.0,9.0,1,0,0,1
66.0,85095.8836396873,6.574456468802962,0.5915252921662858,12.0,0.0,0,1,0,1
30.0,25122.735292174297,1.7694812450163242,0.2684891592856488,1.0,7.0,1,0,1,0
63.0,68492.67365825537,8.76386775688192,0.1316670998839262,6.0,7.0,1,0,0,1
22.0,22662.42603169158,2.94881783711138,0.1277417962707742,4.0,8.0,3,0,0,0
45.0,40336.27075401252,4.846618216599771,0.0846273352675952,6.0,6.0,1,1,0,0
41.0,86934.14651472066,0.7048758295799078,0.1906015665046827,17.0,3.0,2,1,1,1
66.0,62943.91879405482,4.212615601905684,0.3885662769655529,0.0,5.0,0,0,1,0
35.0,32832.84439637573,7.766406717068507,0.1352549552408208,3.0,9.0,1,0,0,1
23.0,36530.18751512263,15.172079312156558,0.0821410524437903,1.0,8.0,0,1,0,1
42.0,87623.14138881181,2.741203428218688,0.1997711588453576,15.0,2.0,1,0,1,1
30.0,36638.19092713903,6.880619413033578,0.4417852325659172,14.0,4.0,1,0,0,1
61.0,16611.894377572564,0.4638693580128086,0.313477975755521,2.0,4.0,0,0,1,0
35.0,31913.66749791183,7.700763173715464,0.3249724551759397,1.0,8.0,1,0,0,0
50.0,37488.74596980941,1.6132144989567132,0.2599691586004318,12.0,6.0,2,0,0,1
25.0,42743.22879120682,8.838851597612024,0.1265914119379539,5.0,2.0,0,0,0,1
21.0,46320.33327294642,1.3713560915406764,0.5055663733930453,14.0,7.0,1,0,0,1
68.0,40241.77183708595,5.116807762306764,0.3490695177338801,11.0,9.0,0,0,0,0
64.0,38462.16260953702,0.132729776073348,0.5109523729240107,10.0,4.0,2,0,1,1
44.0,51140.26249794169,7.745221547885493,0.1359779487173602,3.0,8.0,1,0,0,1
34.0,70750.79888515799,2.7132442614864805,0.4806977572225944,18.0,3.0,0,0,0,0
29.0,62413.44195101356,12.082698923069854,0.1752910699720822,0.0,3.0,2,1,0,1
38.0,57648.19492368101,5.280987154596442,0.3803905055871858,18.0,5.0,1,1,0,1
35.0,6942.18814095034,0.1193889170775825,0.5000285008772033,8.0,8.0,0,0,1,1
59.0,63558.51742678538,1.4207104998989797,0.4382524363063503,14.0,3.0,0,1,0,1
65.0,71826.20241188537,3.683364631013783,0.2866906866599779,15.0,5.0,1,0,1,1
45.0,48884.61844684588,2.5900044161986098,0.1573953936322566,10.0,6.0,0,0,1,1
54.0,87640.48992950068,0.9062578881090824,0.264018380885902,17.0,2.0,3,0,0,1
63.0,63637.82979252623,15.172079312156558,0.2116244883009573,4.0,4.0,2,1,1,1
19.0,46886.45529215841,8.113712886243968,0.2258518013857919,19.0,7.0,2,0,1,1
30.0,35289.40114820467,7.435910653354988,0.2480281170281066,18.0,9.0,2,0,1,1
66.0,79814.52273699903,2.9680789350511687,0.2987765014304245,0.0,0.0,0,0,0,1
21.0,74375.23703394634,0.039362488619868,0.6520465348706161,0.0,2.0,2,1,0,1
64.0,48234.359032974906,1.2150777348314863,0.5366935287842728,9.0,1.0,1,0,0,1
66.0,61451.65562712317,10.96433567784054,0.2900182703688738,12.0,7.0,0,0,0,1
52.0,80950.10402660123,1.159613492746251,0.2278664790943892,12.0,8.0,0,1,0,1
64.0,41076.33133570441,5.652382615793508,0.2746747326009883,13.0,1.0,3,0,1,0
40.0,28697.726738492547,4.3172866134791335,0.1449592859170052,18.0,8.0,2,0,1,1
69.0,24977.72847229394,0.9073389785331738,0.2905275608427198,5.0,7.0,1,0,0,1
66.0,56689.1357997405,0.1870628291909791,0.2556894500410284,9.0,1.0,2,1,0,0
62.0,52511.52906943084,3.235489429947621,0.2236700886792262,7.0,4.0,0,0,1,0
40.0,21384.49795763904,5.0654169149841,0.1835147816056611,7.0,5.0,1,0,0,1
37.0,38850.16429984333,3.195964288803716,0.2824454269661741,0.0,3.0,1,0,0,0
38.0,61948.00139699716,8.13502515578358,0.4392210898888791,16.0,4.0,0,1,1,1
19.0,38526.75986239527,7.471889591691858,0.321129255341407,16.0,2.0,0,1,0,0
29.0,50970.43255889654,3.448323081298048,0.2915879082529599,0.0,8.0,0,0,0,1
46.0,52084.02207903752,6.904449639590402,0.0363521567719536,5.0,9.0,2,0,0,1
43.0,24106.370485581883,4.305214805867751,0.3712972710645472,11.0,9.0,1,0,1,1
48.0,38525.99992122842,15.172079312156558,0.3090567782564249,10.0,2.0,1,0,1,1
33.0,77514.13626623238,11.82821034121445,0.2819303733536357,2.0,1.0,0,1,0,0
32.0,41838.49253956897,5.349470503079719,0.6169977733327201,16.0,0.0,1,0,1,1
52.0,40822.3147426212,15.172079312156558,0.3203225821877145,0.0,0.0,0,0,1,1
52.0,22802.87718040161,3.0462044288539465,0.3231700330669986,11.0,1.0,1,0,1,0
56.0,55194.45003442964,5.055443978899272,0.2026300309125832,2.0,4.0,2,1,1,1
46.0,44622.22618890339,3.1174654888553146,0.3576596696917246,11.0,0.0,0,0,0,1
63.0,17092.025060862165,3.671615900233151,0.1667407609108073,10.0,7.0,0,0,0,0
18.0,56148.13395618201,10.078404909353614,0.0881766674927675,11.0,1.0,1,0,1,1
69.0,56575.248206069606,3.471982483856968,0.3011022743504107,16.0,0.0,0,1,0,0
64.0,56196.41420454055,2.2999272627958507,0.3530655050389947,16.0,8.0,1,1,0,0
57.0,98795.04812678546,7.465972538187141,0.3268563949085386,17.0,6.0,2,1,0,1
34.0,34931.64259307633,2.208280959100533,0.3740042746314323,2.0,6.0,0,1,0,1
41.0,83398.09008702813,3.872811802854619,0.2641188058125814,19.0,6.0,1,0,0,1
41.0,43809.07121372019,5.511896858173445,0.2125906368597829,16.0,3.0,1,0,1,1
20.0,40211.21114963556,3.401614623279765,0.5807638662086987,11.0,9.0,1,0,1,0
39.0,64515.33247797384,6.152184503012271,0.3044296156663563,2.0,6.0,0,1,1,1
64.0,43817.67071594997,1.735806079258283,0.3162212044643837,1.0,6.0,1,1,0,0
52.0,54477.68048558263,0.4262937273483413,0.245826759802069,7.0,3.0,1,0,0,1
18.0,34190.51089109376,3.065220603033512,0.2155212649665496,18.0,7.0,0,0,0,1
40.0,57982.72228704142,1.8869407530569824,0.4727380263938699,3.0,5.0,0,0,0,0
46.0,55371.845577265136,1.445090711393864,0.058556931606324,0.0,6.0,1,0,1,0
63.0,53732.18246312716,2.246457986449028,0.6816552682617121,0.0,5.0,2,1,0,0
38.0,38152.12151522261,1.5723259306312465,0.0998607053174892,6.0,7.0,1,1,0,1
50.0,67449.14656560289,9.34118449748684,0.1169097053007395,7.0,3.0,0,1,0,1
42.0,52670.81809564565,7.41715226064056,0.1342272569730383,8.0,5.0,1,0,1,0
69.0,71072.8359321568,1.8116430595060464,0.4849887995749727,4.0,2.0,1,0,1,1
33.0,69653.81967891028,0.6748892859051263,0.2817555447671213,18.0,6.0,1,0,1,1
44.0,31586.52813841268,3.1189933498330946,0.2790986568941944,3.0,1.0,1,0,1,1
55.0,81010.00985628154,4.478730653297564,0.3984798933684013,12.0,9.0,3,0,0,1
29.0,29704.86538614266,1.110815628530355,0.0425549396831986,0.0,3.0,0,1,1,1
52.0,69277.58233589819,1.1912482217703124,0.4848744923943458,15.0,8.0,3,1,1,1
50.0,32720.18460640368,8.716258444056155,0.363784460856066,0.0,7.0,0,0,0,1
28.0,71063.05706665808,3.1627818833014096,0.1945107684338112,1.0,8.0,3,0,1,1
33.0,50681.66936518452,2.2926365759416947,0.4636886218919929,11.0,5.0,0,0,0,1
55.0,45813.526456962674,15.172079312156558,0.3340622499196559,16.0,8.0,0,1,1,1
33.0,53931.09553023149,15.172079312156558,0.5676055160091945,3.0,8.0,0,0,1,1
48.0,90204.090775327,2.0689532170251543,0.4929038584246122,19.0,9.0,1,0,1,0
66.0,47208.207436896526,0.0720936486900576,0.1766250162571023,14.0,3.0,2,1,1,0
60.0,74765.66142867271,4.471793817869971,0.3349205797884951,12.0,9.0,1,0,1,0
67.0,72975.31400744207,7.173185146084777,0.3320007548931362,8.0,2.0,0,0,0,1
68.0,49517.49825779993,5.346919715654812,0.2639644320402215,6.0,7.0,0,1,0,1
59.0,91124.14259880644,1.2477763444526255,0.1649703162530386,11.0,4.0,1,0,0,1
61.0,86932.73992095332,5.588465205528075,0.1717814712890066,4.0,6.0,2,0,0,1
47.0,26597.73947881281,0.2563560976806342,0.4148286839675102,16.0,3.0,1,0,1,1
45.0,50977.20140651408,6.242167656343332,0.4807181886073227,1.0,8.0,0,1,1,1
66.0,33926.50864060538,4.679306489215451,0.421936365707615,3.0,5.0,1,1,0,1
46.0,36567.53264123897,15.172079312156558,0.3477245645641516,12.0,8.0,0,0,0,1
45.0,8532.195351837014,3.807439187276906,0.0456596310029253,12.0,6.0,0,0,1,0
51.0,17728.772042465178,15.172079312156558,0.1423233410525008,4.0,1.0,0,1,1,1
58.0,35960.16624386489,15.172079312156558,0.1370134808200557,16.0,9.0,1,0,0,0
